-- MySQL dump 10.13  Distrib 8.0.36, for Win64 (x86_64)
--
-- Host: 127.0.0.1    Database: ecommerce_db
-- ------------------------------------------------------
-- Server version	8.3.0

/*!40101 SET @OLD_CHARACTER_SET_CLIENT=@@CHARACTER_SET_CLIENT */;
/*!40101 SET @OLD_CHARACTER_SET_RESULTS=@@CHARACTER_SET_RESULTS */;
/*!40101 SET @OLD_COLLATION_CONNECTION=@@COLLATION_CONNECTION */;
/*!50503 SET NAMES utf8 */;
/*!40103 SET @OLD_TIME_ZONE=@@TIME_ZONE */;
/*!40103 SET TIME_ZONE='+00:00' */;
/*!40014 SET @OLD_UNIQUE_CHECKS=@@UNIQUE_CHECKS, UNIQUE_CHECKS=0 */;
/*!40014 SET @OLD_FOREIGN_KEY_CHECKS=@@FOREIGN_KEY_CHECKS, FOREIGN_KEY_CHECKS=0 */;
/*!40101 SET @OLD_SQL_MODE=@@SQL_MODE, SQL_MODE='NO_AUTO_VALUE_ON_ZERO' */;
/*!40111 SET @OLD_SQL_NOTES=@@SQL_NOTES, SQL_NOTES=0 */;

--
-- Table structure for table `categories`
--

DROP TABLE IF EXISTS `categories`;
/*!40101 SET @saved_cs_client     = @@character_set_client */;
/*!50503 SET character_set_client = utf8mb4 */;
CREATE TABLE `categories` (
  `id` varchar(50) COLLATE utf8mb4_unicode_ci NOT NULL,
  `name` varchar(255) COLLATE utf8mb4_unicode_ci NOT NULL,
  `slug` varchar(255) COLLATE utf8mb4_unicode_ci NOT NULL,
  `image` varchar(500) COLLATE utf8mb4_unicode_ci DEFAULT NULL,
  `created_at` timestamp NULL DEFAULT CURRENT_TIMESTAMP,
  `updated_at` timestamp NULL DEFAULT CURRENT_TIMESTAMP ON UPDATE CURRENT_TIMESTAMP,
  PRIMARY KEY (`id`),
  UNIQUE KEY `slug` (`slug`),
  KEY `idx_slug` (`slug`)
) ENGINE=InnoDB DEFAULT CHARSET=utf8mb4 COLLATE=utf8mb4_unicode_ci;
/*!40101 SET character_set_client = @saved_cs_client */;

--
-- Dumping data for table `categories`
--

LOCK TABLES `categories` WRITE;
/*!40000 ALTER TABLE `categories` DISABLE KEYS */;
INSERT INTO `categories` VALUES ('1','Laptop','laptop','/category1.png','2025-12-03 04:45:07','2025-12-03 04:45:07'),('10','Tản nhiệt','cooling','/category10.png','2025-12-03 04:45:07','2025-12-03 04:45:07'),('11','Nguồn','psu','/category11.png','2025-12-03 04:45:07','2025-12-03 04:45:07'),('12','Bàn phím','keyboard','/category12.jpg','2025-12-03 04:45:07','2025-12-03 04:45:07'),('15','Chuột','mouse','/category13.jpg','2025-12-03 04:45:07','2025-12-03 04:45:07'),('2','PC','pc','/category2.png','2025-12-03 04:45:07','2025-12-03 04:45:07'),('3','Màn hình','monitor','/category3.jpg','2025-12-03 04:45:07','2025-12-03 04:45:07'),('4','Mainboard','mainboard','/category4.png','2025-12-03 04:45:07','2025-12-03 04:45:07'),('5','CPU','cpu','/category5.png','2025-12-03 04:45:07','2025-12-03 04:45:07'),('6','VGA','vga','/category6.jpg','2025-12-03 04:45:07','2025-12-03 04:45:07'),('7','RAM','ram','/category7.png','2025-12-03 04:45:07','2025-12-03 04:45:07'),('8','Ổ cứng','storage','/category8.png','2025-12-03 04:45:07','2025-12-03 04:45:07'),('9','Case','case','/category9.png','2025-12-03 04:45:07','2025-12-03 04:45:07');
/*!40000 ALTER TABLE `categories` ENABLE KEYS */;
UNLOCK TABLES;

--
-- Table structure for table `news`
--

DROP TABLE IF EXISTS `news`;
/*!40101 SET @saved_cs_client     = @@character_set_client */;
/*!50503 SET character_set_client = utf8mb4 */;
CREATE TABLE `news` (
  `id` varchar(50) COLLATE utf8mb4_unicode_ci NOT NULL,
  `slug` varchar(255) COLLATE utf8mb4_unicode_ci NOT NULL,
  `title` varchar(500) COLLATE utf8mb4_unicode_ci NOT NULL,
  `excerpt` text COLLATE utf8mb4_unicode_ci,
  `content` longtext COLLATE utf8mb4_unicode_ci,
  `thumbnail` varchar(500) COLLATE utf8mb4_unicode_ci DEFAULT NULL,
  `published_at` date DEFAULT NULL,
  `category` varchar(100) COLLATE utf8mb4_unicode_ci DEFAULT NULL,
  `author` varchar(255) COLLATE utf8mb4_unicode_ci DEFAULT NULL,
  `created_at` timestamp NULL DEFAULT CURRENT_TIMESTAMP,
  `updated_at` timestamp NULL DEFAULT CURRENT_TIMESTAMP ON UPDATE CURRENT_TIMESTAMP,
  PRIMARY KEY (`id`),
  UNIQUE KEY `slug` (`slug`),
  KEY `idx_slug` (`slug`),
  KEY `idx_category` (`category`),
  KEY `idx_published_at` (`published_at`)
) ENGINE=InnoDB DEFAULT CHARSET=utf8mb4 COLLATE=utf8mb4_unicode_ci;
/*!40101 SET character_set_client = @saved_cs_client */;

--
-- Dumping data for table `news`
--

LOCK TABLES `news` WRITE;
/*!40000 ALTER TABLE `news` DISABLE KEYS */;
INSERT INTO `news` VALUES ('1','nvidia-rtx-50-series-announcement','NVIDIA công bố dòng card RTX 50 series với hiệu năng vượt trội','Thế hệ card đồ họa mới nhất của NVIDIA hứa hẹn mang đến hiệu năng gấp đôi so với thế hệ trước, hỗ trợ AI và ray tracing thế hệ mới.',NULL,'/nvidia-rtx-graphics-card.jpg','2024-01-15','Tin tức','GEARVN Editorial','2025-12-03 04:45:37','2025-12-03 04:45:37'),('2','intel-core-ultra-review','Đánh giá chi tiết Intel Core Ultra 9 285K - CPU gaming mạnh nhất','Intel Core Ultra 9 285K với kiến trúc mới hoàn toàn, hiệu năng đơn nhân và đa nhân đều vượt trội, tiêu thụ điện năng tối ưu.',NULL,'/intel-processor-cpu.jpg','2024-01-12','Review','Tech Reviewer','2025-12-03 04:45:37','2025-12-03 04:45:37'),('3','gaming-monitor-buying-guide-2024','Hướng dẫn chọn mua màn hình gaming 2024','Tổng hợp đầy đủ các tiêu chí quan trọng khi chọn màn hình gaming: tần số quét, độ phân giải, tấm nền, thời gian phản hồi.',NULL,'/gaming-monitor-display.jpg','2024-01-10','Hướng dẫn','Hardware Guide','2025-12-03 04:45:37','2025-12-03 04:45:37'),('4','best-gaming-laptops-2024','Top 10 laptop gaming đáng mua nhất năm 2024','Danh sách những chiếc laptop gaming tốt nhất hiện nay, phù hợp với mọi tầm giá từ sinh viên đến game thủ chuyên nghiệp.',NULL,'/gaming-laptop.png','2024-01-08','Top sản phẩm','Product Expert','2025-12-03 04:45:37','2025-12-03 04:45:37');
/*!40000 ALTER TABLE `news` ENABLE KEYS */;
UNLOCK TABLES;

--
-- Table structure for table `product_highlights`
--

DROP TABLE IF EXISTS `product_highlights`;
/*!40101 SET @saved_cs_client     = @@character_set_client */;
/*!50503 SET character_set_client = utf8mb4 */;
CREATE TABLE `product_highlights` (
  `id` int NOT NULL AUTO_INCREMENT,
  `product_id` varchar(50) COLLATE utf8mb4_unicode_ci NOT NULL,
  `feature` text COLLATE utf8mb4_unicode_ci NOT NULL,
  `display_order` int DEFAULT '0',
  `created_at` timestamp NULL DEFAULT CURRENT_TIMESTAMP,
  PRIMARY KEY (`id`),
  KEY `idx_product_id` (`product_id`),
  CONSTRAINT `product_highlights_ibfk_1` FOREIGN KEY (`product_id`) REFERENCES `products` (`id`) ON DELETE CASCADE
) ENGINE=InnoDB AUTO_INCREMENT=264 DEFAULT CHARSET=utf8mb4 COLLATE=utf8mb4_unicode_ci;
/*!40101 SET character_set_client = @saved_cs_client */;

--
-- Dumping data for table `product_highlights`
--

LOCK TABLES `product_highlights` WRITE;
/*!40000 ALTER TABLE `product_highlights` DISABLE KEYS */;
INSERT INTO `product_highlights` VALUES (1,'1','Intel Core Ultra 9 285K - Hiệu năng vượt trội',1,'2025-12-03 04:45:37'),(2,'1','RTX 4090 24GB - Chiến mọi tựa game 4K',2,'2025-12-03 04:45:37'),(3,'1','RAM 32GB DDR5 6400MHz - Đa nhiệm mượt mà',3,'2025-12-03 04:45:37'),(4,'1','2TB NVMe Gen4 - Tốc độ đọc/ghi siêu nhanh',4,'2025-12-03 04:45:37'),(5,'1','Tản nhiệt AIO 360mm - Làm mát hiệu quả',5,'2025-12-03 04:45:37'),(6,'1','Nguồn 1000W 80+ Gold - Ổn định tuyệt đối',6,'2025-12-03 04:45:37'),(7,'2','CPU i9-14900HX 24 nhân - Hiệu năng khủng',1,'2025-12-03 04:45:37'),(8,'2','RTX 4070 8GB - Chiến game 2K mượt mà',2,'2025-12-03 04:45:37'),(9,'2','Màn hình 240Hz - Hình ảnh siêu mượt',3,'2025-12-03 04:45:37'),(10,'2','Bàn phím RGB Per-Key - Đẹp mắt, chuyên nghiệp',4,'2025-12-03 04:45:37'),(11,'2','Tản nhiệt ROG Intelligent Cooling',5,'2025-12-03 04:45:37'),(12,'3','i9-13980HX 24 nhân 32 luồng - Mạnh mẽ nhất',1,'2025-12-03 04:45:37'),(13,'3','RTX 4090 16GB Laptop - Đồ họa đỉnh cao',2,'2025-12-03 04:45:37'),(14,'3','Màn hình 4K Mini LED - Màu sắc tuyệt đẹp',3,'2025-12-03 04:45:37'),(15,'3','Bàn phím cơ Cherry MX - Trải nghiệm tuyệt vời',4,'2025-12-03 04:45:37'),(16,'3','Tản nhiệt Cooler Boost Titan',5,'2025-12-03 04:45:37'),(17,'4','Trọng lượng siêu nhẹ chỉ 63g',1,'2025-12-03 04:45:37'),(18,'4','Sensor HERO 25K DPI',2,'2025-12-03 04:45:37'),(19,'4','Pin 70 giờ sử dụng',3,'2025-12-03 04:45:37'),(20,'4','Kết nối LIGHTSPEED không trễ',4,'2025-12-03 04:45:37'),(21,'4','Thiết kế đối xứng tiện lợi',5,'2025-12-03 04:45:37'),(22,'5','Khung nhôm CNC nguyên khối',1,'2025-12-03 04:45:37'),(23,'5','Hot-swappable PCB',2,'2025-12-03 04:45:37'),(24,'5','QMK/VIA programming',3,'2025-12-03 04:45:37'),(25,'5','Kết nối không dây + USB-C',4,'2025-12-03 04:45:37'),(26,'5','Gasket mount - Typing êm ái',5,'2025-12-03 04:45:37'),(27,'6','Tấm nền OLED - Màu sắc tuyệt đẹp',1,'2025-12-03 04:45:37'),(28,'6','Tần số quét 240Hz',2,'2025-12-03 04:45:37'),(29,'6','Thời gian phản hồi 0.03ms',3,'2025-12-03 04:45:37'),(30,'6','HDR True Black 400',4,'2025-12-03 04:45:37'),(31,'6','G-Sync Compatible',5,'2025-12-03 04:45:37'),(32,'7','i5-14400F 10 nhân - Hiệu năng tốt',1,'2025-12-03 08:35:57'),(33,'7','RTX 4070 12GB - Chiến game 2K/4K',2,'2025-12-03 08:35:57'),(34,'7','RAM 32GB - Đa nhiệm thoải mái',3,'2025-12-03 08:35:57'),(35,'7','SSD 1TB NVMe - Tốc độ cao',4,'2025-12-03 08:35:57'),(36,'9','Ryzen 9 7950X3D với 3D V-Cache',1,'2025-12-03 08:35:57'),(37,'9','RX 7900 XTX 24GB GDDR6',2,'2025-12-03 08:35:57'),(38,'9','RAM 64GB DDR5 6000MHz',3,'2025-12-03 08:35:57'),(39,'9','Tản nhiệt AIO 360mm',4,'2025-12-03 08:35:57'),(40,'10','i5-13400F 10 nhân',1,'2025-12-03 08:35:57'),(41,'10','RTX 4060 Ti 16GB',2,'2025-12-03 08:35:57'),(42,'10','Giá cả phải chăng',3,'2025-12-03 08:35:57'),(43,'10','Hiệu năng ổn định',4,'2025-12-03 08:35:57'),(44,'11','Xeon W-2445 10 nhân',1,'2025-12-03 08:35:57'),(45,'11','RAM ECC - Ổn định tuyệt đối',2,'2025-12-03 08:35:57'),(46,'11','RTX 4000 Ada 20GB',3,'2025-12-03 08:35:57'),(47,'11','Bảo hành 3 năm',4,'2025-12-03 08:35:57'),(48,'12','Thiết kế Mini ITX gọn gàng',1,'2025-12-03 08:35:57'),(49,'12','i7-14700K 20 nhân',2,'2025-12-03 08:35:57'),(50,'12','RTX 4070 Ti 12GB',3,'2025-12-03 08:35:57'),(51,'12','Tản nhiệt AIO 240mm',4,'2025-12-03 08:35:57'),(52,'13','Ryzen 5 5600 6 nhân',1,'2025-12-03 08:35:57'),(53,'13','RX 6700 XT 12GB',2,'2025-12-03 08:35:57'),(54,'13','Giá siêu tốt',3,'2025-12-03 08:35:57'),(55,'13','Phù hợp sinh viên',4,'2025-12-03 08:35:57'),(56,'14','Thiết kế full màu trắng',1,'2025-12-03 08:35:57'),(57,'14','i5-14600K 14 nhân',2,'2025-12-03 08:35:57'),(58,'14','RTX 4070 White Edition',3,'2025-12-03 08:35:57'),(59,'14','RGB trắng đồng bộ',4,'2025-12-03 08:35:57'),(60,'15','i9-14900K 24 nhân - Đa nhiệm mạnh mẽ',1,'2025-12-03 08:35:57'),(61,'15','RTX 4080 16GB - Encode NVENC',2,'2025-12-03 08:35:57'),(62,'15','RAM 64GB - Stream mượt mà',3,'2025-12-03 08:35:57'),(63,'15','Kèm capture card',4,'2025-12-03 08:35:57'),(64,'16','Tản nhiệt Noctua NH-D15',1,'2025-12-03 08:35:57'),(65,'16','Case cách âm Be Quiet!',2,'2025-12-03 08:35:57'),(66,'16','Nguồn 80+ Platinum',3,'2025-12-03 08:35:57'),(67,'16','Hoạt động gần như im lặng',4,'2025-12-03 08:35:57'),(68,'8','i5-12500H 12 nhân',1,'2025-12-03 08:35:57'),(69,'8','RTX 4050 6GB GDDR6',2,'2025-12-03 08:35:57'),(70,'8','Màn hình 144Hz',3,'2025-12-03 08:35:57'),(71,'8','Tản nhiệt dual-fan',4,'2025-12-03 08:35:57'),(72,'17','i7-14700HX 20 nhân',1,'2025-12-03 08:35:57'),(73,'17','RTX 4060 8GB',2,'2025-12-03 08:35:57'),(74,'17','Màn hình 16:10 2.5K',3,'2025-12-03 08:35:57'),(75,'17','Tản nhiệt Legion Coldfront 5.0',4,'2025-12-03 08:35:57'),(76,'18','i7-13700HX 16 nhân',1,'2025-12-03 08:35:57'),(77,'18','RTX 4070 8GB',2,'2025-12-03 08:35:57'),(78,'18','Màn hình QHD 240Hz',3,'2025-12-03 08:35:57'),(79,'18','OMEN Tempest Cooling',4,'2025-12-03 08:35:57'),(80,'19','i5-13450HX 10 nhân',1,'2025-12-03 08:35:57'),(81,'19','RTX 3050 6GB',2,'2025-12-03 08:35:57'),(82,'19','Giá cực tốt',3,'2025-12-03 08:35:57'),(83,'19','Bảo hành Dell chính hãng',4,'2025-12-03 08:35:57'),(84,'20','i7-13700H 14 nhân',1,'2025-12-03 08:35:57'),(85,'20','RTX 4070 8GB',2,'2025-12-03 08:35:57'),(86,'20','Màn hình QHD 165Hz',3,'2025-12-03 08:35:57'),(87,'20','Bàn phím RGB Omron',4,'2025-12-03 08:35:57'),(88,'21','Thiết kế CNC nhôm nguyên khối',1,'2025-12-03 08:35:57'),(89,'21','i7-13800H 14 nhân',2,'2025-12-03 08:35:57'),(90,'21','RTX 4070 8GB',3,'2025-12-03 08:35:57'),(91,'21','Màn hình QHD 240Hz calibrated',4,'2025-12-03 08:35:57'),(92,'22','Ryzen 7 7735HS 8 nhân',1,'2025-12-03 08:35:57'),(93,'22','RTX 4060 8GB',2,'2025-12-03 08:35:57'),(94,'22','Độ bền chuẩn quân đội MIL-STD-810H',3,'2025-12-03 08:35:57'),(95,'22','Màn hình 144Hz',4,'2025-12-03 08:35:57'),(96,'23','Thiết kế trong suốt độc đáo',1,'2025-12-03 08:35:57'),(97,'23','i5-12450H 8 nhân',2,'2025-12-03 08:35:57'),(98,'23','RTX 4050 6GB',3,'2025-12-03 08:35:57'),(99,'23','Trọng lượng dưới 2kg',4,'2025-12-03 08:35:57'),(100,'24','Thiết kế Alienware iconic',1,'2025-12-03 08:35:57'),(101,'24','i9-14900HX 24 nhân',2,'2025-12-03 08:35:57'),(102,'24','RTX 4080 12GB',3,'2025-12-03 08:35:57'),(103,'24','AlienFX RGB toàn bộ',4,'2025-12-03 08:35:57'),(104,'25','Màn hình kép ScreenPad Plus',1,'2025-12-03 08:35:57'),(105,'25','i9-13980HX + RTX 4090',2,'2025-12-03 08:35:57'),(106,'25','Màn hình Mini LED 4K',3,'2025-12-03 08:35:57'),(107,'25','AniMe Matrix LED',4,'2025-12-03 08:35:57'),(108,'26','i9-14900HX 24 nhân',1,'2025-12-03 08:35:57'),(109,'26','RTX 4080 12GB',2,'2025-12-03 08:35:57'),(110,'26','Màn hình 16:10 2.5K 240Hz',3,'2025-12-03 08:35:57'),(111,'26','Legion Coldfront Hyper',4,'2025-12-03 08:35:57'),(112,'27','i7-13700HX 16 nhân',1,'2025-12-03 08:35:57'),(113,'27','RTX 4060 8GB',2,'2025-12-03 08:35:57'),(114,'27','Màn hình 16 inch',3,'2025-12-03 08:35:57'),(115,'27','5th Gen AeroBlade 3D Fan',4,'2025-12-03 08:35:57'),(116,'28','Thiết kế siêu mỏng dưới 2cm',1,'2025-12-03 08:35:57'),(117,'28','i9-13900H 14 nhân',2,'2025-12-03 08:35:57'),(118,'28','Màn hình 4K+ Mini LED',3,'2025-12-03 08:35:57'),(119,'28','Trọng lượng dưới 2kg',4,'2025-12-03 08:35:57'),(120,'29','Thiết kế 2-in-1 xoay 360°',1,'2025-12-03 08:35:57'),(121,'29','i9-13900H 14 nhân',2,'2025-12-03 08:35:57'),(122,'29','RTX 4070 8GB',3,'2025-12-03 08:35:57'),(123,'29','Màn hình cảm ứng + Stylus',4,'2025-12-03 08:35:57'),(124,'30','Trọng lượng 54g siêu nhẹ',1,'2025-12-03 08:35:57'),(125,'30','Sensor Focus Pro 30K',2,'2025-12-03 08:35:57'),(126,'30','Pin 95 giờ',3,'2025-12-03 08:35:57'),(127,'30','HyperSpeed Wireless Gen-3',4,'2025-12-03 08:35:57'),(128,'31','13 nút lập trình',1,'2025-12-03 08:35:57'),(129,'31','RGB LIGHTSYNC',2,'2025-12-03 08:35:57'),(130,'31','Switch quang học',3,'2025-12-03 08:35:57'),(131,'31','Hệ thống cân bằng tùy chỉnh',4,'2025-12-03 08:35:57'),(132,'32','Giá cực tốt',1,'2025-12-03 08:35:57'),(133,'32','RGB 3 vùng',2,'2025-12-03 08:35:57'),(134,'32','Sensor TrueMove Core',3,'2025-12-03 08:35:57'),(135,'32','Bền bỉ 60 triệu clicks',4,'2025-12-03 08:35:57'),(136,'33','3 chế độ kết nối',1,'2025-12-03 08:35:57'),(137,'33','Sạc không dây Qi',2,'2025-12-03 08:35:57'),(138,'33','8 nút lập trình',3,'2025-12-03 08:35:57'),(139,'33','RGB 4 vùng',4,'2025-12-03 08:35:57'),(140,'34','Thiết kế ergonomic',1,'2025-12-03 08:35:57'),(141,'34','Trọng lượng 59g',2,'2025-12-03 08:35:57'),(142,'34','Sensor Focus+ 26K',3,'2025-12-03 08:35:57'),(143,'34','Gen-3 Optical Switch',4,'2025-12-03 08:35:57'),(144,'35','Switch Push-Fit có thể thay',1,'2025-12-03 08:35:57'),(145,'35','Sensor 36,000 DPI',2,'2025-12-03 08:35:57'),(146,'35','Pin 119 giờ',3,'2025-12-03 08:35:57'),(147,'35','ROG Aura Sync RGB',4,'2025-12-03 08:35:57'),(148,'36','Giá cực tốt',1,'2025-12-03 08:35:57'),(149,'36','Wireless Lightspeed',2,'2025-12-03 08:35:57'),(150,'36','Pin 250 giờ',3,'2025-12-03 08:35:57'),(151,'36','Sensor HERO',4,'2025-12-03 08:35:57'),(152,'37','Switch quang học OPX',1,'2025-12-03 08:35:57'),(153,'37','iCUE Control Wheel',2,'2025-12-03 08:35:57'),(154,'37','RGB Per-Key',3,'2025-12-03 08:35:57'),(155,'37','Tựa tay từ tính có đệm',4,'2025-12-03 08:35:57'),(156,'38','Switch Analog Optical Gen-2',1,'2025-12-03 08:35:57'),(157,'38','Điều chỉnh actuation 0.1-4.0mm',2,'2025-12-03 08:35:57'),(158,'38','Rapid Trigger',3,'2025-12-03 08:35:57'),(159,'38','Wireless HyperSpeed',4,'2025-12-03 08:35:57'),(160,'39','Thiết kế mỏng chỉ 22mm',1,'2025-12-03 08:35:57'),(161,'39','Wireless Lightspeed',2,'2025-12-03 08:35:57'),(162,'39','Khung nhôm hàng không',3,'2025-12-03 08:35:57'),(163,'39','Pin 40 giờ',4,'2025-12-03 08:35:57'),(164,'40','Switch Hall Effect từ tính',1,'2025-12-03 08:35:57'),(165,'40','Điều chỉnh actuation 0.2-3.8mm',2,'2025-12-03 08:35:57'),(166,'40','Rapid Trigger',3,'2025-12-03 08:35:57'),(167,'40','Giá cả phải chăng',4,'2025-12-03 08:35:57'),(168,'41','OmniPoint 2.0 Magnetic',1,'2025-12-03 08:35:57'),(169,'41','Rapid Trigger',2,'2025-12-03 08:35:57'),(170,'41','Điều chỉnh actuation 0.2-3.8mm',3,'2025-12-03 08:35:57'),(171,'41','OLED Smart Display',4,'2025-12-03 08:35:57'),(172,'42','OLED Display tích hợp',1,'2025-12-03 08:35:57'),(173,'42','Gasket mount',2,'2025-12-03 08:35:57'),(174,'42','Hot-swappable',3,'2025-12-03 08:35:57'),(175,'42','Wireless 2.4GHz + BT 5.1',4,'2025-12-03 08:35:57'),(176,'43','Switch Cherry MX chính hãng',1,'2025-12-03 08:35:57'),(177,'43','Keycap PBT chất lượng cao',2,'2025-12-03 08:35:57'),(178,'43','RGB Quack Mechanics',3,'2025-12-03 08:35:57'),(179,'43','Build quality tuyệt vời',4,'2025-12-03 08:35:57'),(180,'44','4K UHD 144Hz',1,'2025-12-03 08:35:57'),(181,'44','Nano IPS',2,'2025-12-03 08:35:57'),(182,'44','HDR600',3,'2025-12-03 08:35:57'),(183,'44','G-Sync + FreeSync Premium Pro',4,'2025-12-03 08:35:57'),(184,'45','Độ cong 1000R',1,'2025-12-03 08:35:57'),(185,'45','2K 240Hz',2,'2025-12-03 08:35:57'),(186,'45','G-Sync + FreeSync Premium Pro',3,'2025-12-03 08:35:57'),(187,'45','HDR600',4,'2025-12-03 08:35:57'),(188,'46','2K 170Hz',1,'2025-12-03 08:35:57'),(189,'46','IPS Wide Viewing',2,'2025-12-03 08:35:57'),(190,'46','FreeSync Premium',3,'2025-12-03 08:35:57'),(191,'46','Giá cả phải chăng',4,'2025-12-03 08:35:57'),(192,'47','Rapid IPS + Quantum Dot',1,'2025-12-03 08:35:57'),(193,'47','97% DCI-P3',2,'2025-12-03 08:35:57'),(194,'47','2K 165Hz',3,'2025-12-03 08:35:57'),(195,'47','G-Sync Compatible',4,'2025-12-03 08:35:57'),(196,'48','Cong 1500R',1,'2025-12-03 08:35:57'),(197,'48','2K 165Hz',2,'2025-12-03 08:35:57'),(198,'48','Độ tương phản 3000:1',3,'2025-12-03 08:35:57'),(199,'48','FreeSync Premium',4,'2025-12-03 08:35:57'),(200,'49','24 inch 240Hz',1,'2025-12-03 08:35:57'),(201,'49','Thời gian phản hồi 0.5ms',2,'2025-12-03 08:35:57'),(202,'49','Reflex Latency Analyzer',3,'2025-12-03 08:35:57'),(203,'49','FPS tối ưu',4,'2025-12-03 08:35:57'),(204,'50','32 inch 4K 144Hz',1,'2025-12-03 08:35:57'),(205,'50','SS IPS 95% DCI-P3',2,'2025-12-03 08:35:57'),(206,'50','HDMI 2.1',3,'2025-12-03 08:35:57'),(207,'50','KVM Switch',4,'2025-12-03 08:35:57'),(208,'51','DyAc+ Technology',1,'2025-12-03 08:35:57'),(209,'51','240Hz TN Panel',2,'2025-12-03 08:35:57'),(210,'51','Esports monitor',3,'2025-12-03 08:35:57'),(211,'51','Shields bảo vệ ánh sáng',4,'2025-12-03 08:35:57'),(212,'52','34 inch UltraWide 21:9',1,'2025-12-03 08:35:57'),(213,'52','Cong 1500R',2,'2025-12-03 08:35:57'),(214,'52','144Hz',3,'2025-12-03 08:35:57'),(215,'52','Giá tốt nhất phân khúc',4,'2025-12-03 08:35:57'),(216,'53','24 nhân 32 luồng',1,'2025-12-03 08:35:57'),(217,'53','Turbo boost 6.0 GHz',2,'2025-12-03 08:35:57'),(218,'53','Hỗ trợ DDR5 + DDR4',3,'2025-12-03 08:35:57'),(219,'53','Intel UHD Graphics 770',4,'2025-12-03 08:35:57'),(220,'54','16 nhân 32 luồng',1,'2025-12-03 08:35:57'),(221,'54','3D V-Cache 128MB',2,'2025-12-03 08:35:57'),(222,'54','Boost 5.7 GHz',3,'2025-12-03 08:35:57'),(223,'54','Gaming tốt nhất',4,'2025-12-03 08:35:57'),(224,'55','14 nhân 20 luồng',1,'2025-12-03 08:35:57'),(225,'55','Boost 5.3 GHz',2,'2025-12-03 08:35:57'),(226,'55','Giá cả phải chăng',3,'2025-12-03 08:35:57'),(227,'55','Tối ưu gaming',4,'2025-12-03 08:35:57'),(228,'56','6 nhân 12 luồng',1,'2025-12-03 08:35:57'),(229,'56','Boost 5.3 GHz',2,'2025-12-03 08:35:57'),(230,'56','Zen 4 Architecture',3,'2025-12-03 08:35:57'),(231,'56','Giá tốt',4,'2025-12-03 08:35:57'),(232,'57','20 nhân 28 luồng',1,'2025-12-03 08:35:57'),(233,'57','Boost 5.6 GHz',2,'2025-12-03 08:35:57'),(234,'57','Đa nhiệm tốt',3,'2025-12-03 08:35:57'),(235,'57','Tối ưu gaming + work',4,'2025-12-03 08:35:57'),(236,'58','RTX 4090 24GB',1,'2025-12-03 08:35:57'),(237,'58','Tản nhiệt Tri-Fan',2,'2025-12-03 08:35:57'),(238,'58','OC Mode 2.64 GHz',3,'2025-12-03 08:35:57'),(239,'58','DLSS 3 + Ray Tracing',4,'2025-12-03 08:35:57'),(240,'59','RTX 4080 16GB',1,'2025-12-03 08:35:57'),(241,'59','Tri Frozr 3 Cooling',2,'2025-12-03 08:35:57'),(242,'59','Boost 2.55 GHz',3,'2025-12-03 08:35:57'),(243,'59','DLSS 3',4,'2025-12-03 08:35:57'),(244,'60','RTX 4070 12GB',1,'2025-12-03 08:35:57'),(245,'60','WINDFORCE Cooling',2,'2025-12-03 08:35:57'),(246,'60','Boost 2.48 GHz',3,'2025-12-03 08:35:57'),(247,'60','Tiết kiệm điện',4,'2025-12-03 08:35:57'),(248,'61','RX 7900 XTX 24GB',1,'2025-12-03 08:35:57'),(249,'61','Boost 2.68 GHz',2,'2025-12-03 08:35:57'),(250,'61','FSR 3 + Ray Tracing',3,'2025-12-03 08:35:57'),(251,'61','24GB VRAM lớn',4,'2025-12-03 08:35:57'),(252,'62','RTX 4060 Ti 16GB',1,'2025-12-03 08:35:57'),(253,'62','VRAM 16GB',2,'2025-12-03 08:35:57'),(254,'62','Boost 2.59 GHz',3,'2025-12-03 08:35:57'),(255,'62','DLSS 3',4,'2025-12-03 08:35:57'),(256,'63','RX 6700 XT 12GB',1,'2025-12-03 08:35:57'),(257,'63','Boost 2.62 GHz',2,'2025-12-03 08:35:57'),(258,'63','Giá cực tốt',3,'2025-12-03 08:35:57'),(259,'63','1440p gaming',4,'2025-12-03 08:35:57'),(260,'64','RTX 4070 Ti 12GB',1,'2025-12-03 08:35:57'),(261,'64','iCX3 Cooling',2,'2025-12-03 08:35:57'),(262,'64','OC 2.67 GHz',3,'2025-12-03 08:35:57'),(263,'64','4K gaming',4,'2025-12-03 08:35:57');
/*!40000 ALTER TABLE `product_highlights` ENABLE KEYS */;
UNLOCK TABLES;

--
-- Table structure for table `product_images`
--

DROP TABLE IF EXISTS `product_images`;
/*!40101 SET @saved_cs_client     = @@character_set_client */;
/*!50503 SET character_set_client = utf8mb4 */;
CREATE TABLE `product_images` (
  `id` int NOT NULL AUTO_INCREMENT,
  `product_id` varchar(50) COLLATE utf8mb4_unicode_ci NOT NULL,
  `image_url` varchar(500) COLLATE utf8mb4_unicode_ci NOT NULL,
  `display_order` int DEFAULT '0',
  `created_at` timestamp NULL DEFAULT CURRENT_TIMESTAMP,
  PRIMARY KEY (`id`),
  KEY `idx_product_id` (`product_id`),
  CONSTRAINT `product_images_ibfk_1` FOREIGN KEY (`product_id`) REFERENCES `products` (`id`) ON DELETE CASCADE
) ENGINE=InnoDB AUTO_INCREMENT=14 DEFAULT CHARSET=utf8mb4 COLLATE=utf8mb4_unicode_ci;
/*!40101 SET character_set_client = @saved_cs_client */;

--
-- Dumping data for table `product_images`
--

LOCK TABLES `product_images` WRITE;
/*!40000 ALTER TABLE `product_images` DISABLE KEYS */;
INSERT INTO `product_images` VALUES (1,'1','https://images.unsplash.com/photo-1587202372634-32705e3bf49c?w=800&q=80',1,'2025-12-03 04:45:37'),(2,'1','https://images.unsplash.com/photo-1591238372338-a663a95ab2f4?w=800&q=80',2,'2025-12-03 04:45:37'),(3,'1','https://images.unsplash.com/photo-1600861194802-a2b11f26e9c4?w=800&q=80',3,'2025-12-03 04:45:37'),(4,'1','https://images.unsplash.com/photo-1555680202-c86f0e12f086?w=800&q=80',4,'2025-12-03 04:45:37'),(5,'2','https://images.unsplash.com/photo-1603302576837-37561b2e2302?w=800&q=80',1,'2025-12-03 04:45:37'),(6,'2','https://images.unsplash.com/photo-1588872657578-7efd1f1555ed?w=800&q=80',2,'2025-12-03 04:45:37'),(7,'2','https://images.unsplash.com/photo-1593642702821-c8da6771f0c6?w=800&q=80',3,'2025-12-03 04:45:37'),(8,'4','https://images.unsplash.com/photo-1527814050087-3793815479db?w=800&q=80',1,'2025-12-03 04:45:37'),(9,'4','https://images.unsplash.com/photo-1615663245857-ac93bb7c39e7?w=800&q=80',2,'2025-12-03 04:45:37'),(10,'5','https://images.unsplash.com/photo-1595225476474-87563907a212?w=800&q=80',1,'2025-12-03 04:45:37'),(11,'5','https://images.unsplash.com/photo-1587829741301-dc798b83add3?w=800&q=80',2,'2025-12-03 04:45:37'),(12,'6','https://images.unsplash.com/photo-1527443224154-c4a3942d3acf?w=800&q=80',1,'2025-12-03 04:45:37'),(13,'6','https://images.unsplash.com/photo-1585792180666-f7347c490ee2?w=800&q=80',2,'2025-12-03 04:45:37');
/*!40000 ALTER TABLE `product_images` ENABLE KEYS */;
UNLOCK TABLES;

--
-- Table structure for table `product_specs`
--

DROP TABLE IF EXISTS `product_specs`;
/*!40101 SET @saved_cs_client     = @@character_set_client */;
/*!50503 SET character_set_client = utf8mb4 */;
CREATE TABLE `product_specs` (
  `id` int NOT NULL AUTO_INCREMENT,
  `product_id` varchar(50) COLLATE utf8mb4_unicode_ci NOT NULL,
  `spec_key` varchar(100) COLLATE utf8mb4_unicode_ci NOT NULL,
  `spec_value` text COLLATE utf8mb4_unicode_ci,
  `created_at` timestamp NULL DEFAULT CURRENT_TIMESTAMP,
  PRIMARY KEY (`id`),
  KEY `idx_product_id` (`product_id`),
  KEY `idx_spec_key` (`spec_key`),
  CONSTRAINT `product_specs_ibfk_1` FOREIGN KEY (`product_id`) REFERENCES `products` (`id`) ON DELETE CASCADE
) ENGINE=InnoDB AUTO_INCREMENT=331 DEFAULT CHARSET=utf8mb4 COLLATE=utf8mb4_unicode_ci;
/*!40101 SET character_set_client = @saved_cs_client */;

--
-- Dumping data for table `product_specs`
--

LOCK TABLES `product_specs` WRITE;
/*!40000 ALTER TABLE `product_specs` DISABLE KEYS */;
INSERT INTO `product_specs` VALUES (1,'1','cpu','Intel Core Ultra 9 285K','2025-12-03 04:45:37'),(2,'1','ram','32GB DDR5 6400MHz','2025-12-03 04:45:37'),(3,'1','gpu','NVIDIA RTX 4090 24GB','2025-12-03 04:45:37'),(4,'1','storage','2TB NVMe Gen4 SSD','2025-12-03 04:45:37'),(5,'1','weight','15kg','2025-12-03 04:45:37'),(6,'2','cpu','Intel Core i9-14900HX','2025-12-03 04:45:37'),(7,'2','ram','16GB DDR5 5600MHz','2025-12-03 04:45:37'),(8,'2','gpu','NVIDIA RTX 4070 8GB','2025-12-03 04:45:37'),(9,'2','storage','1TB NVMe SSD','2025-12-03 04:45:37'),(10,'2','display','16\" 2K 240Hz IPS','2025-12-03 04:45:37'),(11,'2','weight','2.5kg','2025-12-03 04:45:37'),(12,'3','cpu','Intel Core i9-13980HX','2025-12-03 04:45:37'),(13,'3','ram','64GB DDR5 5600MHz','2025-12-03 04:45:37'),(14,'3','gpu','NVIDIA RTX 4090 16GB','2025-12-03 04:45:37'),(15,'3','storage','4TB NVMe SSD','2025-12-03 04:45:37'),(16,'3','display','17.3\" 4K 144Hz Mini LED','2025-12-03 04:45:37'),(17,'3','weight','3.3kg','2025-12-03 04:45:37'),(18,'4','sensor','HERO 25K','2025-12-03 04:45:37'),(19,'4','dpi','100-25,600 DPI','2025-12-03 04:45:37'),(20,'4','weight','63g','2025-12-03 04:45:37'),(21,'4','battery','70 giờ','2025-12-03 04:45:37'),(22,'4','connectivity','Wireless 2.4GHz','2025-12-03 04:45:37'),(23,'5','layout','75% (82 phím)','2025-12-03 04:45:37'),(24,'5','switch','Gateron Pro','2025-12-03 04:45:37'),(25,'5','keycap','Double-shot PBT','2025-12-03 04:45:37'),(26,'5','battery','4000mAh','2025-12-03 04:45:37'),(27,'5','connectivity','Wireless + USB-C','2025-12-03 04:45:37'),(28,'6','size','27 inch','2025-12-03 04:45:37'),(29,'6','resolution','2560 x 1440 (2K)','2025-12-03 04:45:37'),(30,'6','refreshRate','240Hz','2025-12-03 04:45:37'),(31,'6','panelType','OLED','2025-12-03 04:45:37'),(32,'6','responseTime','0.03ms','2025-12-03 04:45:37'),(33,'7','cpu','Intel Core i5-14400F','2025-12-03 04:45:37'),(34,'7','ram','32GB DDR4 3200MHz','2025-12-03 04:45:37'),(35,'7','gpu','NVIDIA RTX 4070 12GB','2025-12-03 04:45:37'),(36,'7','storage','1TB NVMe SSD','2025-12-03 04:45:37'),(37,'8','cpu','Intel Core i5-12500H','2025-12-03 04:45:37'),(38,'8','ram','16GB DDR4 3200MHz','2025-12-03 04:45:37'),(39,'8','gpu','NVIDIA RTX 4050 6GB','2025-12-03 04:45:37'),(40,'8','storage','512GB NVMe SSD','2025-12-03 04:45:37'),(41,'8','display','15.6\" FHD 144Hz','2025-12-03 04:45:37'),(42,'8','weight','2.3kg','2025-12-03 04:45:37'),(43,'7','cpu','Intel Core i5-14400F','2025-12-03 08:35:57'),(44,'7','ram','32GB DDR4 3200MHz','2025-12-03 08:35:57'),(45,'7','gpu','NVIDIA RTX 4070 12GB','2025-12-03 08:35:57'),(46,'7','storage','1TB NVMe SSD','2025-12-03 08:35:57'),(47,'9','cpu','AMD Ryzen 9 7950X3D','2025-12-03 08:35:57'),(48,'9','ram','64GB DDR5 6000MHz','2025-12-03 08:35:57'),(49,'9','gpu','AMD RX 7900 XTX 24GB','2025-12-03 08:35:57'),(50,'9','storage','2TB NVMe Gen4 SSD','2025-12-03 08:35:57'),(51,'10','cpu','Intel Core i5-13400F','2025-12-03 08:35:57'),(52,'10','ram','16GB DDR4 3200MHz','2025-12-03 08:35:57'),(53,'10','gpu','NVIDIA RTX 4060 Ti 16GB','2025-12-03 08:35:57'),(54,'10','storage','512GB NVMe SSD','2025-12-03 08:35:57'),(55,'11','cpu','Intel Xeon W-2445','2025-12-03 08:35:57'),(56,'11','ram','64GB DDR5 ECC','2025-12-03 08:35:57'),(57,'11','gpu','NVIDIA RTX 4000 Ada 20GB','2025-12-03 08:35:57'),(58,'11','storage','2TB NVMe SSD','2025-12-03 08:35:57'),(59,'12','cpu','Intel Core i7-14700K','2025-12-03 08:35:57'),(60,'12','ram','32GB DDR5 6000MHz','2025-12-03 08:35:57'),(61,'12','gpu','NVIDIA RTX 4070 Ti 12GB','2025-12-03 08:35:57'),(62,'12','storage','1TB NVMe SSD','2025-12-03 08:35:57'),(63,'12','formFactor','Mini ITX','2025-12-03 08:35:57'),(64,'13','cpu','AMD Ryzen 5 5600','2025-12-03 08:35:57'),(65,'13','ram','16GB DDR4 3200MHz','2025-12-03 08:35:57'),(66,'13','gpu','AMD RX 6700 XT 12GB','2025-12-03 08:35:57'),(67,'13','storage','500GB NVMe SSD','2025-12-03 08:35:57'),(68,'14','cpu','Intel Core i5-14600K','2025-12-03 08:35:57'),(69,'14','ram','32GB DDR5 6000MHz','2025-12-03 08:35:57'),(70,'14','gpu','NVIDIA RTX 4070 12GB White','2025-12-03 08:35:57'),(71,'14','storage','1TB NVMe SSD','2025-12-03 08:35:57'),(72,'15','cpu','Intel Core i9-14900K','2025-12-03 08:35:57'),(73,'15','ram','64GB DDR5 6400MHz','2025-12-03 08:35:57'),(74,'15','gpu','NVIDIA RTX 4080 16GB','2025-12-03 08:35:57'),(75,'15','storage','2TB NVMe SSD + 2TB HDD','2025-12-03 08:35:57'),(76,'16','cpu','Intel Core i7-13700 (Non-K)','2025-12-03 08:35:57'),(77,'16','ram','32GB DDR5 5600MHz','2025-12-03 08:35:57'),(78,'16','gpu','NVIDIA RTX 4060 Ti 8GB','2025-12-03 08:35:57'),(79,'16','storage','1TB NVMe SSD','2025-12-03 08:35:57'),(80,'8','cpu','Intel Core i5-12500H','2025-12-03 08:35:57'),(81,'8','ram','16GB DDR4 3200MHz','2025-12-03 08:35:57'),(82,'8','gpu','NVIDIA RTX 4050 6GB','2025-12-03 08:35:57'),(83,'8','storage','512GB NVMe SSD','2025-12-03 08:35:57'),(84,'8','display','15.6\" FHD 144Hz','2025-12-03 08:35:57'),(85,'8','weight','2.3kg','2025-12-03 08:35:57'),(86,'17','cpu','Intel Core i7-14700HX','2025-12-03 08:35:57'),(87,'17','ram','16GB DDR5 5600MHz','2025-12-03 08:35:57'),(88,'17','gpu','NVIDIA RTX 4060 8GB','2025-12-03 08:35:57'),(89,'17','storage','512GB NVMe SSD','2025-12-03 08:35:57'),(90,'17','display','16\" 2.5K 165Hz IPS','2025-12-03 08:35:57'),(91,'17','weight','2.6kg','2025-12-03 08:35:57'),(92,'18','cpu','Intel Core i7-13700HX','2025-12-03 08:35:57'),(93,'18','ram','16GB DDR5 4800MHz','2025-12-03 08:35:57'),(94,'18','gpu','NVIDIA RTX 4070 8GB','2025-12-03 08:35:57'),(95,'18','storage','1TB NVMe SSD','2025-12-03 08:35:57'),(96,'18','display','16.1\" QHD 240Hz','2025-12-03 08:35:57'),(97,'18','weight','2.4kg','2025-12-03 08:35:57'),(98,'19','cpu','Intel Core i5-13450HX','2025-12-03 08:35:57'),(99,'19','ram','8GB DDR5 4800MHz','2025-12-03 08:35:57'),(100,'19','gpu','NVIDIA RTX 3050 6GB','2025-12-03 08:35:57'),(101,'19','storage','512GB NVMe SSD','2025-12-03 08:35:57'),(102,'19','display','15.6\" FHD 120Hz','2025-12-03 08:35:57'),(103,'19','weight','2.65kg','2025-12-03 08:35:57'),(104,'20','cpu','Intel Core i7-13700H','2025-12-03 08:35:57'),(105,'20','ram','16GB DDR5 4800MHz','2025-12-03 08:35:57'),(106,'20','gpu','NVIDIA RTX 4070 8GB','2025-12-03 08:35:57'),(107,'20','storage','1TB NVMe SSD','2025-12-03 08:35:57'),(108,'20','display','15.6\" QHD 165Hz','2025-12-03 08:35:57'),(109,'20','weight','2.2kg','2025-12-03 08:35:57'),(110,'21','cpu','Intel Core i7-13800H','2025-12-03 08:35:57'),(111,'21','ram','16GB DDR5 5200MHz','2025-12-03 08:35:57'),(112,'21','gpu','NVIDIA RTX 4070 8GB','2025-12-03 08:35:57'),(113,'21','storage','1TB NVMe SSD','2025-12-03 08:35:57'),(114,'21','display','15.6\" QHD 240Hz','2025-12-03 08:35:57'),(115,'21','weight','2.01kg','2025-12-03 08:35:57'),(116,'22','cpu','AMD Ryzen 7 7735HS','2025-12-03 08:35:57'),(117,'22','ram','16GB DDR5 4800MHz','2025-12-03 08:35:57'),(118,'22','gpu','NVIDIA RTX 4060 8GB','2025-12-03 08:35:57'),(119,'22','storage','512GB NVMe SSD','2025-12-03 08:35:57'),(120,'22','display','15.6\" FHD 144Hz','2025-12-03 08:35:57'),(121,'22','weight','2.2kg','2025-12-03 08:35:57'),(122,'23','cpu','Intel Core i5-12450H','2025-12-03 08:35:57'),(123,'23','ram','8GB DDR5 4800MHz','2025-12-03 08:35:57'),(124,'23','gpu','NVIDIA RTX 4050 6GB','2025-12-03 08:35:57'),(125,'23','storage','512GB NVMe SSD','2025-12-03 08:35:57'),(126,'23','display','15.6\" FHD 144Hz','2025-12-03 08:35:57'),(127,'23','weight','1.98kg','2025-12-03 08:35:57'),(128,'24','cpu','Intel Core i9-14900HX','2025-12-03 08:35:57'),(129,'24','ram','32GB DDR5 5600MHz','2025-12-03 08:35:57'),(130,'24','gpu','NVIDIA RTX 4080 12GB','2025-12-03 08:35:57'),(131,'24','storage','2TB NVMe SSD','2025-12-03 08:35:57'),(132,'24','display','16\" QHD+ 240Hz','2025-12-03 08:35:57'),(133,'24','weight','2.9kg','2025-12-03 08:35:57'),(134,'25','cpu','Intel Core i9-13980HX','2025-12-03 08:35:57'),(135,'25','ram','64GB DDR5 4800MHz','2025-12-03 08:35:57'),(136,'25','gpu','NVIDIA RTX 4090 16GB','2025-12-03 08:35:57'),(137,'25','storage','4TB NVMe SSD','2025-12-03 08:35:57'),(138,'25','display','16\" 4K 120Hz Mini LED + 14\" 4K ScreenPad','2025-12-03 08:35:57'),(139,'25','weight','2.7kg','2025-12-03 08:35:57'),(140,'26','cpu','Intel Core i9-14900HX','2025-12-03 08:35:57'),(141,'26','ram','32GB DDR5 5600MHz','2025-12-03 08:35:57'),(142,'26','gpu','NVIDIA RTX 4080 12GB','2025-12-03 08:35:57'),(143,'26','storage','2TB NVMe SSD','2025-12-03 08:35:57'),(144,'26','display','16\" 2.5K 240Hz IPS','2025-12-03 08:35:57'),(145,'26','weight','2.5kg','2025-12-03 08:35:57'),(146,'27','cpu','Intel Core i7-13700HX','2025-12-03 08:35:57'),(147,'27','ram','16GB DDR5 5600MHz','2025-12-03 08:35:57'),(148,'27','gpu','NVIDIA RTX 4060 8GB','2025-12-03 08:35:57'),(149,'27','storage','1TB NVMe SSD','2025-12-03 08:35:57'),(150,'27','display','16\" WUXGA 165Hz','2025-12-03 08:35:57'),(151,'27','weight','2.6kg','2025-12-03 08:35:57'),(152,'28','cpu','Intel Core i9-13900H','2025-12-03 08:35:57'),(153,'28','ram','32GB DDR5 5200MHz','2025-12-03 08:35:57'),(154,'28','gpu','NVIDIA RTX 4070 8GB','2025-12-03 08:35:57'),(155,'28','storage','1TB NVMe SSD','2025-12-03 08:35:57'),(156,'28','display','16\" 4K+ 120Hz Mini LED','2025-12-03 08:35:57'),(157,'28','weight','1.99kg','2025-12-03 08:35:57'),(158,'29','cpu','Intel Core i9-13900H','2025-12-03 08:35:57'),(159,'29','ram','16GB DDR5 4800MHz','2025-12-03 08:35:57'),(160,'29','gpu','NVIDIA RTX 4070 8GB','2025-12-03 08:35:57'),(161,'29','storage','1TB NVMe SSD','2025-12-03 08:35:57'),(162,'29','display','16\" 2.5K 165Hz Touch + Stylus','2025-12-03 08:35:57'),(163,'29','weight','2.1kg','2025-12-03 08:35:57'),(164,'30','sensor','Focus Pro 30K','2025-12-03 08:35:57'),(165,'30','dpi','100-30,000 DPI','2025-12-03 08:35:57'),(166,'30','weight','54g','2025-12-03 08:35:57'),(167,'30','battery','95 giờ','2025-12-03 08:35:57'),(168,'30','connectivity','Wireless HyperSpeed','2025-12-03 08:35:57'),(169,'31','sensor','HERO 25K','2025-12-03 08:35:57'),(170,'31','dpi','100-25,600 DPI','2025-12-03 08:35:57'),(171,'31','weight','102g','2025-12-03 08:35:57'),(172,'31','battery','120 giờ','2025-12-03 08:35:57'),(173,'31','connectivity','Wireless + USB-C','2025-12-03 08:35:57'),(174,'32','sensor','TrueMove Core','2025-12-03 08:35:57'),(175,'32','dpi','100-8,500 DPI','2025-12-03 08:35:57'),(176,'32','weight','77g','2025-12-03 08:35:57'),(177,'32','connectivity','USB Wired','2025-12-03 08:35:57'),(178,'33','sensor','PMW3392','2025-12-03 08:35:57'),(179,'33','dpi','100-18,000 DPI','2025-12-03 08:35:57'),(180,'33','weight','133g','2025-12-03 08:35:57'),(181,'33','battery','50 giờ','2025-12-03 08:35:57'),(182,'33','connectivity','Wireless + Bluetooth + USB','2025-12-03 08:35:57'),(183,'34','sensor','Focus+ 26K','2025-12-03 08:35:57'),(184,'34','dpi','100-26,000 DPI','2025-12-03 08:35:57'),(185,'34','weight','59g','2025-12-03 08:35:57'),(186,'34','connectivity','USB Wired','2025-12-03 08:35:57'),(187,'35','sensor','ROG AimPoint Pro','2025-12-03 08:35:57'),(188,'35','dpi','100-36,000 DPI','2025-12-03 08:35:57'),(189,'35','weight','79g','2025-12-03 08:35:57'),(190,'35','battery','119 giờ','2025-12-03 08:35:57'),(191,'35','connectivity','Wireless 2.4GHz + Bluetooth','2025-12-03 08:35:57'),(192,'36','sensor','HERO','2025-12-03 08:35:57'),(193,'36','dpi','200-12,000 DPI','2025-12-03 08:35:57'),(194,'36','weight','99g','2025-12-03 08:35:57'),(195,'36','battery','250 giờ','2025-12-03 08:35:57'),(196,'36','connectivity','Wireless Lightspeed','2025-12-03 08:35:57'),(197,'37','layout','Full-size (104 phím)','2025-12-03 08:35:57'),(198,'37','switch','Corsair OPX Optical','2025-12-03 08:35:57'),(199,'37','keycap','Double-shot PBT','2025-12-03 08:35:57'),(200,'37','connectivity','USB-C','2025-12-03 08:35:57'),(201,'38','layout','TKL (87 phím)','2025-12-03 08:35:57'),(202,'38','switch','Razer Analog Optical','2025-12-03 08:35:57'),(203,'38','keycap','Double-shot PBT','2025-12-03 08:35:57'),(204,'38','connectivity','Wireless + USB-C','2025-12-03 08:35:57'),(205,'39','layout','TKL (87 phím)','2025-12-03 08:35:57'),(206,'39','switch','GL Low-Profile','2025-12-03 08:35:57'),(207,'39','keycap','Low-profile','2025-12-03 08:35:57'),(208,'39','battery','40 giờ','2025-12-03 08:35:57'),(209,'39','connectivity','Wireless Lightspeed','2025-12-03 08:35:57'),(210,'40','layout','75% (82 phím)','2025-12-03 08:35:57'),(211,'40','switch','Hall Effect Magnetic','2025-12-03 08:35:57'),(212,'40','keycap','Double-shot PBT','2025-12-03 08:35:57'),(213,'40','connectivity','USB-C','2025-12-03 08:35:57'),(214,'41','layout','TKL (87 phím)','2025-12-03 08:35:57'),(215,'41','switch','OmniPoint 2.0 Adjustable','2025-12-03 08:35:57'),(216,'41','keycap','PBT','2025-12-03 08:35:57'),(217,'41','connectivity','USB-C','2025-12-03 08:35:57'),(218,'42','layout','75% (82 phím)','2025-12-03 08:35:57'),(219,'42','switch','ROG NX (Hot-swap)','2025-12-03 08:35:57'),(220,'42','keycap','Double-shot PBT','2025-12-03 08:35:57'),(221,'42','battery','2000mAh','2025-12-03 08:35:57'),(222,'42','connectivity','Wireless 2.4GHz + Bluetooth','2025-12-03 08:35:57'),(223,'43','layout','TKL (87 phím)','2025-12-03 08:35:57'),(224,'43','switch','Cherry MX','2025-12-03 08:35:57'),(225,'43','keycap','Double-shot PBT','2025-12-03 08:35:57'),(226,'43','connectivity','USB-C','2025-12-03 08:35:57'),(227,'44','size','27 inch','2025-12-03 08:35:57'),(228,'44','resolution','3840 x 2160 (4K)','2025-12-03 08:35:57'),(229,'44','refreshRate','144Hz','2025-12-03 08:35:57'),(230,'44','panelType','Nano IPS','2025-12-03 08:35:57'),(231,'44','responseTime','1ms','2025-12-03 08:35:57'),(232,'45','size','32 inch','2025-12-03 08:35:57'),(233,'45','resolution','2560 x 1440 (2K)','2025-12-03 08:35:57'),(234,'45','refreshRate','240Hz','2025-12-03 08:35:57'),(235,'45','panelType','VA Cong 1000R','2025-12-03 08:35:57'),(236,'45','responseTime','1ms','2025-12-03 08:35:57'),(237,'46','size','27 inch','2025-12-03 08:35:57'),(238,'46','resolution','2560 x 1440 (2K)','2025-12-03 08:35:57'),(239,'46','refreshRate','170Hz','2025-12-03 08:35:57'),(240,'46','panelType','IPS','2025-12-03 08:35:57'),(241,'46','responseTime','1ms','2025-12-03 08:35:57'),(242,'47','size','27 inch','2025-12-03 08:35:57'),(243,'47','resolution','2560 x 1440 (2K)','2025-12-03 08:35:57'),(244,'47','refreshRate','165Hz','2025-12-03 08:35:57'),(245,'47','panelType','Rapid IPS QD','2025-12-03 08:35:57'),(246,'47','responseTime','1ms','2025-12-03 08:35:57'),(247,'48','size','27 inch','2025-12-03 08:35:57'),(248,'48','resolution','2560 x 1440 (2K)','2025-12-03 08:35:57'),(249,'48','refreshRate','165Hz','2025-12-03 08:35:57'),(250,'48','panelType','VA Cong 1500R','2025-12-03 08:35:57'),(251,'48','responseTime','1ms','2025-12-03 08:35:57'),(252,'49','size','24 inch','2025-12-03 08:35:57'),(253,'49','resolution','1920 x 1080 (FHD)','2025-12-03 08:35:57'),(254,'49','refreshRate','240Hz','2025-12-03 08:35:57'),(255,'49','panelType','IPS','2025-12-03 08:35:57'),(256,'49','responseTime','0.5ms','2025-12-03 08:35:57'),(257,'50','size','32 inch','2025-12-03 08:35:57'),(258,'50','resolution','3840 x 2160 (4K)','2025-12-03 08:35:57'),(259,'50','refreshRate','144Hz','2025-12-03 08:35:57'),(260,'50','panelType','SS IPS','2025-12-03 08:35:57'),(261,'50','responseTime','1ms','2025-12-03 08:35:57'),(262,'51','size','24.5 inch','2025-12-03 08:35:57'),(263,'51','resolution','1920 x 1080 (FHD)','2025-12-03 08:35:57'),(264,'51','refreshRate','240Hz','2025-12-03 08:35:57'),(265,'51','panelType','TN','2025-12-03 08:35:57'),(266,'51','responseTime','0.5ms','2025-12-03 08:35:57'),(267,'52','size','34 inch','2025-12-03 08:35:57'),(268,'52','resolution','3440 x 1440 (UltraWide)','2025-12-03 08:35:57'),(269,'52','refreshRate','144Hz','2025-12-03 08:35:57'),(270,'52','panelType','VA Cong 1500R','2025-12-03 08:35:57'),(271,'52','responseTime','1ms','2025-12-03 08:35:57'),(272,'53','cores','24 nhân (8P + 16E)','2025-12-03 08:35:57'),(273,'53','threads','32 luồng','2025-12-03 08:35:57'),(274,'53','baseClock','3.2 GHz','2025-12-03 08:35:57'),(275,'53','boostClock','6.0 GHz','2025-12-03 08:35:57'),(276,'53','socket','LGA 1700','2025-12-03 08:35:57'),(277,'53','tdp','125W (253W Turbo)','2025-12-03 08:35:57'),(278,'54','cores','16 nhân','2025-12-03 08:35:57'),(279,'54','threads','32 luồng','2025-12-03 08:35:57'),(280,'54','baseClock','4.2 GHz','2025-12-03 08:35:57'),(281,'54','boostClock','5.7 GHz','2025-12-03 08:35:57'),(282,'54','socket','AM5','2025-12-03 08:35:57'),(283,'54','tdp','120W','2025-12-03 08:35:57'),(284,'55','cores','14 nhân (6P + 8E)','2025-12-03 08:35:57'),(285,'55','threads','20 luồng','2025-12-03 08:35:57'),(286,'55','baseClock','3.5 GHz','2025-12-03 08:35:57'),(287,'55','boostClock','5.3 GHz','2025-12-03 08:35:57'),(288,'55','socket','LGA 1700','2025-12-03 08:35:57'),(289,'55','tdp','125W','2025-12-03 08:35:57'),(290,'56','cores','6 nhân','2025-12-03 08:35:57'),(291,'56','threads','12 luồng','2025-12-03 08:35:57'),(292,'56','baseClock','4.7 GHz','2025-12-03 08:35:57'),(293,'56','boostClock','5.3 GHz','2025-12-03 08:35:57'),(294,'56','socket','AM5','2025-12-03 08:35:57'),(295,'56','tdp','105W','2025-12-03 08:35:57'),(296,'57','cores','20 nhân (8P + 12E)','2025-12-03 08:35:57'),(297,'57','threads','28 luồng','2025-12-03 08:35:57'),(298,'57','baseClock','3.4 GHz','2025-12-03 08:35:57'),(299,'57','boostClock','5.6 GHz','2025-12-03 08:35:57'),(300,'57','socket','LGA 1700','2025-12-03 08:35:57'),(301,'57','tdp','125W','2025-12-03 08:35:57'),(302,'58','gpu','NVIDIA GeForce RTX 4090','2025-12-03 08:35:57'),(303,'58','vram','24GB GDDR6X','2025-12-03 08:35:57'),(304,'58','baseClock','2.23 GHz','2025-12-03 08:35:57'),(305,'58','boostClock','2.64 GHz','2025-12-03 08:35:57'),(306,'58','tdp','450W','2025-12-03 08:35:57'),(307,'59','gpu','NVIDIA GeForce RTX 4080','2025-12-03 08:35:57'),(308,'59','vram','16GB GDDR6X','2025-12-03 08:35:57'),(309,'59','boostClock','2.55 GHz','2025-12-03 08:35:57'),(310,'59','tdp','320W','2025-12-03 08:35:57'),(311,'60','gpu','NVIDIA GeForce RTX 4070','2025-12-03 08:35:57'),(312,'60','vram','12GB GDDR6X','2025-12-03 08:35:57'),(313,'60','boostClock','2.48 GHz','2025-12-03 08:35:57'),(314,'60','tdp','200W','2025-12-03 08:35:57'),(315,'61','gpu','AMD Radeon RX 7900 XTX','2025-12-03 08:35:57'),(316,'61','vram','24GB GDDR6','2025-12-03 08:35:57'),(317,'61','boostClock','2.68 GHz','2025-12-03 08:35:57'),(318,'61','tdp','355W','2025-12-03 08:35:57'),(319,'62','gpu','NVIDIA GeForce RTX 4060 Ti','2025-12-03 08:35:57'),(320,'62','vram','16GB GDDR6','2025-12-03 08:35:57'),(321,'62','boostClock','2.59 GHz','2025-12-03 08:35:57'),(322,'62','tdp','165W','2025-12-03 08:35:57'),(323,'63','gpu','AMD Radeon RX 6700 XT','2025-12-03 08:35:57'),(324,'63','vram','12GB GDDR6','2025-12-03 08:35:57'),(325,'63','boostClock','2.62 GHz','2025-12-03 08:35:57'),(326,'63','tdp','230W','2025-12-03 08:35:57'),(327,'64','gpu','NVIDIA GeForce RTX 4070 Ti','2025-12-03 08:35:57'),(328,'64','vram','12GB GDDR6X','2025-12-03 08:35:57'),(329,'64','boostClock','2.67 GHz','2025-12-03 08:35:57'),(330,'64','tdp','285W','2025-12-03 08:35:57');
/*!40000 ALTER TABLE `product_specs` ENABLE KEYS */;
UNLOCK TABLES;

--
-- Table structure for table `product_variants`
--

DROP TABLE IF EXISTS `product_variants`;
/*!40101 SET @saved_cs_client     = @@character_set_client */;
/*!50503 SET character_set_client = utf8mb4 */;
CREATE TABLE `product_variants` (
  `id` varchar(50) COLLATE utf8mb4_unicode_ci NOT NULL,
  `product_id` varchar(50) COLLATE utf8mb4_unicode_ci NOT NULL,
  `name` varchar(255) COLLATE utf8mb4_unicode_ci NOT NULL,
  `price_adjustment` decimal(15,2) DEFAULT '0.00',
  `created_at` timestamp NULL DEFAULT CURRENT_TIMESTAMP,
  PRIMARY KEY (`id`),
  KEY `idx_product_id` (`product_id`),
  CONSTRAINT `product_variants_ibfk_1` FOREIGN KEY (`product_id`) REFERENCES `products` (`id`) ON DELETE CASCADE
) ENGINE=InnoDB DEFAULT CHARSET=utf8mb4 COLLATE=utf8mb4_unicode_ci;
/*!40101 SET character_set_client = @saved_cs_client */;

--
-- Dumping data for table `product_variants`
--

LOCK TABLES `product_variants` WRITE;
/*!40000 ALTER TABLE `product_variants` DISABLE KEYS */;
INSERT INTO `product_variants` VALUES ('v1-1','1','RAM 32GB',0.00,'2025-12-03 04:45:37'),('v1-2','2','RAM 16GB',0.00,'2025-12-03 04:45:37'),('v1-3','3','RAM 64GB',0.00,'2025-12-03 04:45:37'),('v1-39','39','GL Clicky',0.00,'2025-12-03 04:45:37'),('v1-4','4','Màu Trắng',0.00,'2025-12-03 04:45:37'),('v1-43','43','Cherry MX Red',0.00,'2025-12-03 04:45:37'),('v1-5','5','Gateron Red',0.00,'2025-12-03 04:45:37'),('v1-7','7','RAM 32GB',0.00,'2025-12-03 04:45:37'),('v2-1','1','RAM 64GB',8000000.00,'2025-12-03 04:45:37'),('v2-2','2','RAM 32GB',4000000.00,'2025-12-03 04:45:37'),('v2-3','3','SSD 4TB',0.00,'2025-12-03 04:45:37'),('v2-39','39','GL Tactile',0.00,'2025-12-03 04:45:37'),('v2-4','4','Màu Đen',0.00,'2025-12-03 04:45:37'),('v2-43','43','Cherry MX Blue',0.00,'2025-12-03 04:45:37'),('v2-5','5','Gateron Blue',0.00,'2025-12-03 04:45:37'),('v2-7','7','RAM 64GB',4000000.00,'2025-12-03 04:45:37'),('v3-1','1','SSD 2TB',0.00,'2025-12-03 04:45:37'),('v3-3','3','SSD 8TB',12000000.00,'2025-12-03 04:45:37'),('v3-39','39','GL Linear',0.00,'2025-12-03 04:45:37'),('v3-4','4','Màu Hồng',200000.00,'2025-12-03 04:45:37'),('v3-43','43','Cherry MX Brown',0.00,'2025-12-03 04:45:37'),('v3-5','5','Gateron Brown',0.00,'2025-12-03 04:45:37'),('v4-1','1','SSD 4TB',5000000.00,'2025-12-03 04:45:37'),('v4-43','43','Cherry MX Silent Red',200000.00,'2025-12-03 04:45:37');
/*!40000 ALTER TABLE `product_variants` ENABLE KEYS */;
UNLOCK TABLES;

--
-- Table structure for table `products`
--

DROP TABLE IF EXISTS `products`;
/*!40101 SET @saved_cs_client     = @@character_set_client */;
/*!50503 SET character_set_client = utf8mb4 */;
CREATE TABLE `products` (
  `id` varchar(50) COLLATE utf8mb4_unicode_ci NOT NULL,
  `slug` varchar(255) COLLATE utf8mb4_unicode_ci NOT NULL,
  `name` varchar(500) COLLATE utf8mb4_unicode_ci NOT NULL,
  `price` decimal(15,2) NOT NULL,
  `original_price` decimal(15,2) NOT NULL,
  `rating` decimal(2,1) DEFAULT '0.0',
  `review_count` int DEFAULT '0',
  `main_image` varchar(500) COLLATE utf8mb4_unicode_ci DEFAULT NULL,
  `description` text COLLATE utf8mb4_unicode_ci,
  `category` varchar(255) COLLATE utf8mb4_unicode_ci NOT NULL,
  `brand` varchar(255) COLLATE utf8mb4_unicode_ci DEFAULT NULL,
  `badge` varchar(100) COLLATE utf8mb4_unicode_ci DEFAULT NULL,
  `created_at` timestamp NULL DEFAULT CURRENT_TIMESTAMP,
  `updated_at` timestamp NULL DEFAULT CURRENT_TIMESTAMP ON UPDATE CURRENT_TIMESTAMP,
  PRIMARY KEY (`id`),
  UNIQUE KEY `slug` (`slug`),
  KEY `idx_slug` (`slug`),
  KEY `idx_category` (`category`),
  KEY `idx_brand` (`brand`),
  KEY `idx_price` (`price`)
) ENGINE=InnoDB DEFAULT CHARSET=utf8mb4 COLLATE=utf8mb4_unicode_ci;
/*!40101 SET character_set_client = @saved_cs_client */;

--
-- Dumping data for table `products`
--

LOCK TABLES `products` WRITE;
/*!40000 ALTER TABLE `products` DISABLE KEYS */;
INSERT INTO `products` VALUES ('1','pc-gaming-rtx-4090-ultra','PC Gaming GVN Intel Core Ultra 9 285K | RTX 4090',85990000.00,95000000.00,5.0,127,'https://images.unsplash.com/photo-1587202372634-32705e3bf49c?w=800&q=80','PC Gaming cao cấp với hiệu năng đỉnh cao, phù hợp cho game thủ chuyên nghiệp và content creator. Trang bị CPU Intel Core Ultra 9 thế hệ mới nhất cùng card đồ họa RTX 4090 mạnh mẽ.','PC Gaming','GVN','Quà tặng HOT','2025-12-03 04:45:07','2025-12-03 04:45:07'),('10','pc-gaming-rtx-4060ti','PC GVN Intel i5-13400F | RTX 4060 Ti 16GB',26990000.00,31990000.00,4.6,203,'https://images.unsplash.com/photo-1555680202-c86f0e12f086?w=800&q=80','PC Gaming giá tốt với RTX 4060 Ti 16GB, phù hợp cho game thủ sinh viên.','PC Gaming','GVN',NULL,'2025-12-03 04:45:07','2025-12-03 04:45:07'),('11','pc-workstation-rtx-4000','PC Workstation Intel Xeon W-2445 | RTX 4000 Ada',95990000.00,110000000.00,5.0,34,'https://images.unsplash.com/photo-1593640408182-31c70c8268f5?w=800&q=80','Workstation chuyên nghiệp cho rendering, thiết kế 3D, AI/ML.','PC Gaming','GVN','Workstation','2025-12-03 04:45:07','2025-12-03 04:45:07'),('12','pc-gaming-mini-itx','PC Gaming Mini ITX i7-14700K | RTX 4070 Ti',52990000.00,59990000.00,4.7,67,'https://images.unsplash.com/photo-1625948515291-69613efd103f?w=800&q=80','PC Gaming nhỏ gọn nhưng mạnh mẽ, phù hợp cho không gian hạn chế.','PC Gaming','GVN',NULL,'2025-12-03 04:45:07','2025-12-03 04:45:07'),('13','pc-gaming-budget-rx-6700xt','PC Gaming AMD Ryzen 5 5600 | RX 6700 XT',18990000.00,22990000.00,4.5,178,'https://images.unsplash.com/photo-1587202372634-32705e3bf49c?w=800&q=80','PC Gaming giá rẻ nhưng vẫn chiến tốt game 1080p/1440p.','PC Gaming','GVN','Giá tốt','2025-12-03 04:45:07','2025-12-03 04:45:07'),('14','pc-gaming-white-build','PC Gaming White Aesthetic i5-14600K | RTX 4070',42990000.00,48990000.00,4.8,112,'https://images.unsplash.com/photo-1591238372338-a663a95ab2f4?w=800&q=80','PC Gaming full trắng với thiết kế thẩm mỹ cao, RGB trắng sang trọng.','PC Gaming','GVN','White Build','2025-12-03 04:45:07','2025-12-03 04:45:07'),('15','pc-gaming-streamer-build','PC Gaming Streamer i9-14900K | RTX 4080 | 64GB',72990000.00,82990000.00,4.9,89,'https://images.unsplash.com/photo-1600861194802-a2b11f26e9c4?w=800&q=80','PC Gaming tối ưu cho streamer, có thể stream + game + record cùng lúc.','PC Gaming','GVN','Streamer','2025-12-03 04:45:07','2025-12-03 04:45:07'),('16','pc-gaming-silent-build','PC Gaming Silent i7-13700 | RTX 4060 Ti',35990000.00,39990000.00,4.6,94,'https://images.unsplash.com/photo-1555680202-c86f0e12f086?w=800&q=80','PC Gaming siêu êm, tối ưu giảm ồn, phù hợp văn phòng hoặc phòng ngủ.','PC Gaming','GVN','Silent','2025-12-03 04:45:07','2025-12-03 04:45:07'),('17','laptop-lenovo-legion-5-pro','Laptop Gaming Lenovo Legion 5 Pro i7-14700HX RTX 4060',36990000.00,42990000.00,4.7,167,'https://images.unsplash.com/photo-1603302576837-37561b2e2302?w=800&q=80','Laptop gaming tầm trung cao với màn hình 16:10 độc đáo, hiệu năng mạnh mẽ.','Laptop Gaming','Lenovo',NULL,'2025-12-03 04:45:07','2025-12-03 04:45:07'),('18','laptop-hp-omen-16','Laptop Gaming HP OMEN 16 i7-13700HX RTX 4070',42990000.00,48990000.00,4.6,134,'https://images.unsplash.com/photo-1588872657578-7efd1f1555ed?w=800&q=80','HP OMEN 16 với thiết kế tinh tế, hiệu năng cao, màn hình QHD 240Hz.','Laptop Gaming','HP',NULL,'2025-12-03 04:45:07','2025-12-03 04:45:07'),('19','laptop-dell-g15','Laptop Gaming Dell G15 5530 i5-13450HX RTX 3050',18990000.00,22990000.00,4.4,256,'https://images.unsplash.com/photo-1593642702821-c8da6771f0c6?w=800&q=80','Laptop gaming giá rẻ, phù hợp sinh viên, game thủ mới bắt đầu.','Laptop Gaming','Dell','Giá tốt','2025-12-03 04:45:07','2025-12-03 04:45:07'),('2','laptop-gaming-asus-rog-strix','Laptop Gaming ASUS ROG Strix G16 i9-14900HX RTX 4070',45990000.00,52990000.00,4.8,89,'https://images.unsplash.com/photo-1603302576837-37561b2e2302?w=800&q=80','Laptop gaming cao cấp ASUS ROG Strix G16 với thiết kế mạnh mẽ, hiệu năng vượt trội. Màn hình 240Hz mang đến trải nghiệm chơi game mượt mà nhất.','Laptop Gaming','ASUS','Bán chạy','2025-12-03 04:45:07','2025-12-03 04:45:07'),('20','laptop-gigabyte-aorus-15','Laptop Gaming GIGABYTE AORUS 15 i7-13700H RTX 4070',44990000.00,51990000.00,4.7,98,'https://images.unsplash.com/photo-1603302576837-37561b2e2302?w=800&q=80','GIGABYTE AORUS với thiết kế đẹp mắt, hiệu năng mạnh mẽ, trọng lượng nhẹ.','Laptop Gaming','GIGABYTE',NULL,'2025-12-03 04:45:07','2025-12-03 04:45:07'),('21','laptop-razer-blade-15','Laptop Gaming Razer Blade 15 i7-13800H RTX 4070',59990000.00,68990000.00,4.8,76,'https://images.unsplash.com/photo-1588872657578-7efd1f1555ed?w=800&q=80','Razer Blade 15 - Laptop gaming mỏng nhẹ cao cấp với thiết kế premium.','Laptop Gaming','Razer','Premium','2025-12-03 04:45:07','2025-12-03 04:45:07'),('22','laptop-asus-tuf-a15','Laptop Gaming ASUS TUF A15 Ryzen 7 7735HS RTX 4060',29990000.00,34990000.00,4.6,189,'https://images.unsplash.com/photo-1593642702821-c8da6771f0c6?w=800&q=80','ASUS TUF A15 với chip AMD Ryzen, hiệu năng tốt, giá cả hợp lý.','Laptop Gaming','ASUS',NULL,'2025-12-03 04:45:07','2025-12-03 04:45:07'),('23','laptop-msi-cyborg-15','Laptop Gaming MSI Cyborg 15 i5-12450H RTX 4050',19990000.00,23990000.00,4.4,223,'https://images.unsplash.com/photo-1603302576837-37561b2e2302?w=800&q=80','MSI Cyborg 15 - Laptop gaming nhẹ, giá rẻ, thiết kế trong suốt độc đáo.','Laptop Gaming','MSI','Nhẹ nhất','2025-12-03 04:45:07','2025-12-03 04:45:07'),('24','laptop-alienware-m16','Laptop Gaming Alienware M16 R2 i9-14900HX RTX 4080',89990000.00,99990000.00,4.9,54,'https://images.unsplash.com/photo-1588872657578-7efd1f1555ed?w=800&q=80','Alienware M16 R2 - Laptop gaming cao cấp với thiết kế futuristic đặc trưng.','Laptop Gaming','Dell','Alienware','2025-12-03 04:45:07','2025-12-03 04:45:07'),('25','laptop-asus-zephyrus-duo-16','Laptop Gaming ASUS ROG Zephyrus Duo 16 i9 RTX 4090',139990000.00,159990000.00,5.0,38,'https://images.unsplash.com/photo-1603302576837-37561b2e2302?w=800&q=80','ROG Zephyrus Duo 16 - Laptop gaming 2 màn hình độc đáo, hiệu năng đỉnh cao.','Laptop Gaming','ASUS','Dual Screen','2025-12-03 04:45:07','2025-12-03 04:45:07'),('26','laptop-lenovo-legion-7i','Laptop Gaming Lenovo Legion 7i i9-14900HX RTX 4080',74990000.00,84990000.00,4.8,92,'https://images.unsplash.com/photo-1588872657578-7efd1f1555ed?w=800&q=80','Legion 7i - Laptop gaming cao cấp với thiết kế sang trọng, hiệu năng mạnh mẽ.','Laptop Gaming','Lenovo',NULL,'2025-12-03 04:45:07','2025-12-03 04:45:07'),('27','laptop-acer-predator-helios-neo-16','Laptop Gaming Acer Predator Helios Neo 16 i7 RTX 4060',34990000.00,39990000.00,4.6,143,'https://images.unsplash.com/photo-1593642702821-c8da6771f0c6?w=800&q=80','Predator Helios Neo 16 - Laptop gaming tầm trung với hiệu năng tốt.','Laptop Gaming','Acer',NULL,'2025-12-03 04:45:07','2025-12-03 04:45:07'),('28','laptop-msi-stealth-16','Laptop Gaming MSI Stealth 16 Studio i9 RTX 4070',62990000.00,72990000.00,4.7,81,'https://images.unsplash.com/photo-1603302576837-37561b2e2302?w=800&q=80','MSI Stealth 16 Studio - Laptop gaming mỏng nhẹ cao cấp, phù hợp creator.','Laptop Gaming','MSI','Creator','2025-12-03 04:45:07','2025-12-03 04:45:07'),('29','laptop-asus-rog-flow-x16','Laptop Gaming ASUS ROG Flow X16 2-in-1 i9 RTX 4070',69990000.00,79990000.00,4.7,67,'https://images.unsplash.com/photo-1588872657578-7efd1f1555ed?w=800&q=80','ROG Flow X16 - Laptop gaming 2-in-1 convertible độc đáo với màn hình cảm ứng.','Laptop Gaming','ASUS','2-in-1','2025-12-03 04:45:07','2025-12-03 04:45:07'),('3','laptop-msi-gaming-titan','Laptop MSI Titan GT77 HX i9-13980HX RTX 4090',129990000.00,145000000.00,5.0,45,'https://images.unsplash.com/photo-1588872657578-7efd1f1555ed?w=800&q=80','MSI Titan GT77 HX - Laptop gaming đỉnh cao với cấu hình khủng nhất hiện nay. Thiết kế premium, bàn phím cơ Cherry MX, màn hình Mini LED 4K.','Laptop Gaming','MSI','Cao cấp','2025-12-03 04:45:07','2025-12-03 04:45:07'),('30','chuot-razer-viper-v3-pro','Chuột Gaming Razer Viper V3 Pro',3490000.00,3990000.00,4.8,289,'https://images.unsplash.com/photo-1615663245857-ac93bb7c39e7?w=800&q=80','Razer Viper V3 Pro - Chuột gaming không dây nhẹ nhất thế giới chỉ 54g.','Chuột Gaming','Razer','Nhẹ nhất','2025-12-03 04:45:27','2025-12-03 04:45:27'),('31','chuot-logitech-g502-x-plus','Chuột Gaming Logitech G502 X Plus RGB Wireless',3290000.00,3790000.00,4.7,378,'https://images.unsplash.com/photo-1527814050087-3793815479db?w=800&q=80','G502 X Plus - Chuột gaming đa năng với 13 nút lập trình, RGB LIGHTSYNC.','Chuột Gaming','Logitech',NULL,'2025-12-03 04:45:27','2025-12-03 04:45:27'),('32','chuot-steelseries-rival-3','Chuột Gaming SteelSeries Rival 3 RGB',590000.00,790000.00,4.5,567,'https://images.unsplash.com/photo-1615663245857-ac93bb7c39e7?w=800&q=80','Rival 3 - Chuột gaming giá rẻ nhưng chất lượng tốt, phù hợp game thủ mới.','Chuột Gaming','SteelSeries','Giá tốt','2025-12-03 04:45:27','2025-12-03 04:45:27'),('33','chuot-corsair-dark-core-rgb-pro','Chuột Gaming Corsair Dark Core RGB Pro SE',2190000.00,2590000.00,4.6,234,'https://images.unsplash.com/photo-1527814050087-3793815479db?w=800&q=80','Dark Core RGB Pro SE - Chuột gaming đa kết nối với sạc không dây Qi.','Chuột Gaming','Corsair',NULL,'2025-12-03 04:45:27','2025-12-03 04:45:27'),('34','chuot-razer-deathadder-v3','Chuột Gaming Razer DeathAdder V3',1690000.00,1990000.00,4.7,412,'https://images.unsplash.com/photo-1615663245857-ac93bb7c39e7?w=800&q=80','DeathAdder V3 - Chuột gaming ergonomic kinh điển, nhẹ chỉ 59g.','Chuột Gaming','Razer',NULL,'2025-12-03 04:45:27','2025-12-03 04:45:27'),('35','chuot-asus-rog-gladius-iii','Chuột Gaming ASUS ROG Gladius III Wireless',2390000.00,2790000.00,4.6,189,'https://images.unsplash.com/photo-1527814050087-3793815479db?w=800&q=80','ROG Gladius III - Chuột gaming không dây với switch có thể thay thế.','Chuột Gaming','ASUS',NULL,'2025-12-03 04:45:27','2025-12-03 04:45:27'),('36','chuot-logitech-g304','Chuột Gaming Logitech G304 Lightspeed Wireless',790000.00,990000.00,4.8,789,'https://images.unsplash.com/photo-1615663245857-ac93bb7c39e7?w=800&q=80','G304 - Chuột gaming không dây giá rẻ nhất từ Logitech, hiệu năng tốt.','Chuột Gaming','Logitech','Bán chạy','2025-12-03 04:45:27','2025-12-03 04:45:27'),('37','ban-phim-corsair-k100-rgb','Bàn Phím Gaming Corsair K100 RGB Optical-Mechanical',5990000.00,6990000.00,4.7,156,'https://images.unsplash.com/photo-1587829741301-dc798b83add3?w=800&q=80','Corsair K100 RGB - Bàn phím gaming cao cấp với switch quang học, iCUE control wheel.','Bàn phím','Corsair',NULL,'2025-12-03 04:45:27','2025-12-03 04:45:27'),('38','ban-phim-razer-huntsman-v3-pro','Bàn Phím Gaming Razer Huntsman V3 Pro TKL',5290000.00,5990000.00,4.8,198,'https://images.unsplash.com/photo-1595225476474-87563907a212?w=800&q=80','Huntsman V3 Pro TKL - Bàn phím gaming với switch analog, điều chỉnh actuation point.','Bàn phím','Razer','Analog','2025-12-03 04:45:27','2025-12-03 04:45:27'),('39','ban-phim-logitech-g915-tkl','Bàn Phím Gaming Logitech G915 TKL Lightspeed',4290000.00,4990000.00,4.6,287,'https://images.unsplash.com/photo-1587829741301-dc798b83add3?w=800&q=80','G915 TKL - Bàn phím gaming không dây cao cấp với thiết kế mỏng, switch low-profile.','Bàn phím','Logitech',NULL,'2025-12-03 04:45:27','2025-12-03 04:45:27'),('4','chuot-logitech-g-pro-wireless','Chuột Gaming Logitech G Pro X Superlight White',2990000.00,3490000.00,4.9,456,'https://images.unsplash.com/photo-1527814050087-3793815479db?w=800&q=80','Chuột gaming không dây siêu nhẹ được yêu thích nhất bởi game thủ chuyên nghiệp. Trọng lượng chỉ 63g, sensor HERO 25K chính xác tuyệt đối.','Chuột Gaming','Logitech',NULL,'2025-12-03 04:45:27','2025-12-03 04:45:27'),('40','ban-phim-akko-mod007b','Bàn Phím Cơ AKKO MOD007B HE Hall Effect',2990000.00,3490000.00,4.7,456,'https://images.unsplash.com/photo-1595225476474-87563907a212?w=800&q=80','AKKO MOD007B HE - Bàn phím Hall Effect giá tốt, điều chỉnh actuation point.','Bàn phím','AKKO','Hot','2025-12-03 04:45:27','2025-12-03 04:45:27'),('41','ban-phim-steelseries-apex-pro-tkl','Bàn Phím Gaming SteelSeries Apex Pro TKL Gen 3',4790000.00,5490000.00,4.8,223,'https://images.unsplash.com/photo-1587829741301-dc798b83add3?w=800&q=80','Apex Pro TKL Gen 3 - Bàn phím gaming với OmniPoint 2.0, Rapid Trigger.','Bàn phím','SteelSeries',NULL,'2025-12-03 04:45:27','2025-12-03 04:45:27'),('42','ban-phim-asus-rog-azoth','Bàn Phím Gaming ASUS ROG Azoth Wireless 75%',6490000.00,7490000.00,4.9,167,'https://images.unsplash.com/photo-1595225476474-87563907a212?w=800&q=80','ROG Azoth - Bàn phím gaming cao cấp với OLED display, gasket mount.','Bàn phím','ASUS','Premium','2025-12-03 04:45:27','2025-12-03 04:45:27'),('43','ban-phim-ducky-one-3','Bàn Phím Cơ Ducky One 3 TKL RGB',2490000.00,2890000.00,4.7,389,'https://images.unsplash.com/photo-1587829741301-dc798b83add3?w=800&q=80','Ducky One 3 TKL - Bàn phím cơ chất lượng cao, switch Cherry MX chính hãng.','Bàn phím','Ducky',NULL,'2025-12-03 04:45:27','2025-12-03 04:45:27'),('44','man-hinh-lg-ultragear-27gp950','Màn Hình LG UltraGear 27GP950 27\" 4K 144Hz',18990000.00,22990000.00,4.8,234,'https://images.unsplash.com/photo-1585792180666-f7347c490ee2?w=800&q=80','Màn hình 4K 144Hz với công nghệ Nano IPS, màu sắc chính xác 98% DCI-P3.','Màn hình','LG',NULL,'2025-12-03 04:45:27','2025-12-03 04:45:27'),('45','man-hinh-samsung-odyssey-g7','Màn Hình Samsung Odyssey G7 32\" 240Hz Cong',12990000.00,15990000.00,4.7,312,'https://images.unsplash.com/photo-1527443224154-c4a3942d3acf?w=800&q=80','Màn hình cong 1000R với tần số 240Hz, độ cong ôm sát tầm nhìn.','Màn hình','Samsung',NULL,'2025-12-03 04:45:27','2025-12-03 04:45:27'),('46','man-hinh-acer-nitro-xv272u','Màn Hình Acer Nitro XV272U 27\" 170Hz IPS',5990000.00,7490000.00,4.5,456,'https://images.unsplash.com/photo-1585792180666-f7347c490ee2?w=800&q=80','Màn hình gaming giá tốt với tần số 170Hz, tấm nền IPS góc nhìn rộng.','Màn hình','Acer','Giá tốt','2025-12-03 04:45:27','2025-12-03 04:45:27'),('47','man-hinh-msi-mag274qrf-qd','Màn Hình MSI MAG274QRF-QD 27\" Rapid IPS 165Hz',7990000.00,9490000.00,4.6,289,'https://images.unsplash.com/photo-1527443224154-c4a3942d3acf?w=800&q=80','Màn hình Rapid IPS với Quantum Dot, màu sắc 97% DCI-P3.','Màn hình','MSI',NULL,'2025-12-03 04:45:27','2025-12-03 04:45:27'),('48','man-hinh-dell-s2722dgm','Màn Hình Dell S2722DGM 27\" 165Hz VA Cong',4990000.00,6490000.00,4.5,378,'https://images.unsplash.com/photo-1585792180666-f7347c490ee2?w=800&q=80','Màn hình cong giá tốt từ Dell, độ tương phản cao 3000:1.','Màn hình','Dell',NULL,'2025-12-03 04:45:27','2025-12-03 04:45:27'),('49','man-hinh-viewsonic-xg2431','Màn Hình ViewSonic XG2431 24\" 240Hz FHD',6990000.00,8490000.00,4.7,198,'https://images.unsplash.com/photo-1527443224154-c4a3942d3acf?w=800&q=80','Màn hình 24 inch 240Hz, phù hợp FPS gaming chuyên nghiệp.','Màn hình','ViewSonic',NULL,'2025-12-03 04:45:27','2025-12-03 04:45:27'),('5','ban-phim-keychron-q1-pro','Bàn Phím Cơ Keychron Q1 Pro QMK Wireless',4590000.00,5290000.00,4.8,234,'https://images.unsplash.com/photo-1595225476474-87563907a212?w=800&q=80','Bàn phím cơ cao cấp Keychron Q1 Pro với khung nhôm CNC nguyên khối, hỗ trợ QMK/VIA, kết nối không dây và có dây.','Bàn phím','Keychron','Hot','2025-12-03 04:45:27','2025-12-03 04:45:27'),('50','man-hinh-gigabyte-m32u','Màn Hình GIGABYTE M32U 32\" 4K 144Hz SS IPS',16990000.00,19990000.00,4.8,167,'https://images.unsplash.com/photo-1585792180666-f7347c490ee2?w=800&q=80','Màn hình 32 inch 4K 144Hz với tấm nền SS IPS, màu sắc 95% DCI-P3.','Màn hình','GIGABYTE',NULL,'2025-12-03 04:45:27','2025-12-03 04:45:27'),('51','man-hinh-benq-zowie-xl2546k','Màn Hình BenQ ZOWIE XL2546K 24.5\" 240Hz DyAc+',11990000.00,13990000.00,4.9,289,'https://images.unsplash.com/photo-1527443224154-c4a3942d3acf?w=800&q=80','Màn hình esports chuyên nghiệp với DyAc+ giảm motion blur.','Màn hình','BenQ','Esports','2025-12-03 04:45:27','2025-12-03 04:45:27'),('52','man-hinh-aoc-cu34g2x','Màn Hình AOC CU34G2X 34\" UltraWide 144Hz Cong',8990000.00,10990000.00,4.6,234,'https://images.unsplash.com/photo-1585792180666-f7347c490ee2?w=800&q=80','Màn hình UltraWide 34 inch cong, tỷ lệ 21:9 cho trải nghiệm rộng.','Màn hình','AOC','UltraWide','2025-12-03 04:45:27','2025-12-03 04:45:27'),('53','cpu-intel-i9-14900k','CPU Intel Core i9-14900K (24 nhân 32 luồng)',14990000.00,16990000.00,4.9,156,'https://images.unsplash.com/photo-1555617981-dac3880eac6e?w=800&q=80','CPU Intel Core i9-14900K thế hệ 14, hiệu năng đỉnh cao cho gaming và workstation.','CPU','Intel',NULL,'2025-12-03 04:45:27','2025-12-03 04:45:27'),('54','cpu-amd-ryzen-9-7950x3d','CPU AMD Ryzen 9 7950X3D (16 nhân 32 luồng)',16990000.00,19990000.00,5.0,123,'https://images.unsplash.com/photo-1591799264318-7e6ef8ddb7ea?w=800&q=80','CPU AMD Ryzen 9 7950X3D với 3D V-Cache, gaming performance tốt nhất.','CPU','AMD','Gaming King','2025-12-03 04:45:27','2025-12-03 04:45:27'),('55','cpu-intel-i5-14600k','CPU Intel Core i5-14600K (14 nhân 20 luồng)',7990000.00,8990000.00,4.7,289,'https://images.unsplash.com/photo-1555617981-dac3880eac6e?w=800&q=80','CPU Intel Core i5-14600K tầm trung, hiệu năng tốt, giá cả hợp lý.','CPU','Intel',NULL,'2025-12-03 04:45:27','2025-12-03 04:45:27'),('56','cpu-amd-ryzen-5-7600x','CPU AMD Ryzen 5 7600X (6 nhân 12 luồng)',5990000.00,6990000.00,4.6,367,'https://images.unsplash.com/photo-1591799264318-7e6ef8ddb7ea?w=800&q=80','CPU AMD Ryzen 5 7600X giá tốt, hiệu năng ấn tượng cho gaming 1080p/1440p.','CPU','AMD','Giá tốt','2025-12-03 04:45:27','2025-12-03 04:45:27'),('57','cpu-intel-i7-14700k','CPU Intel Core i7-14700K (20 nhân 28 luồng)',11990000.00,13490000.00,4.8,198,'https://images.unsplash.com/photo-1555617981-dac3880eac6e?w=800&q=80','CPU Intel Core i7-14700K cân bằng tốt giữa giá và hiệu năng.','CPU','Intel',NULL,'2025-12-03 04:45:27','2025-12-03 04:45:27'),('58','vga-rtx-4090-asus','VGA ASUS ROG Strix GeForce RTX 4090 OC 24GB',54990000.00,59990000.00,5.0,89,'https://images.unsplash.com/photo-1587202372634-32705e3bf49c?w=800&q=80','Card đồ họa RTX 4090 đỉnh cao nhất hiện nay, chiến mọi game 4K.','VGA','ASUS','Flagship','2025-12-03 04:45:27','2025-12-03 04:45:27'),('59','vga-rtx-4080-msi','VGA MSI GeForce RTX 4080 GAMING X TRIO 16GB',34990000.00,38990000.00,4.8,134,'https://images.unsplash.com/photo-1591799264318-7e6ef8ddb7ea?w=800&q=80','RTX 4080 với tản nhiệt Tri Frozr 3, hiệu năng cao cho gaming 4K.','VGA','MSI',NULL,'2025-12-03 04:45:27','2025-12-03 04:45:27'),('6','man-hinh-asus-rog-swift-oled','Màn Hình ASUS ROG Swift OLED PG27AQDM 27\" 240Hz',24990000.00,28990000.00,5.0,78,'https://images.unsplash.com/photo-1527443224154-c4a3942d3acf?w=800&q=80','Màn hình gaming OLED đỉnh cao với tần số quét 240Hz, thời gian phản hồi 0.03ms. Màu sắc hoàn hảo, độ tương phản vô cực.','Màn hình','ASUS','Cao cấp','2025-12-03 04:45:27','2025-12-03 04:45:27'),('60','vga-rtx-4070-gigabyte','VGA GIGABYTE GeForce RTX 4070 GAMING OC 12GB',16990000.00,19490000.00,4.7,267,'https://images.unsplash.com/photo-1587202372634-32705e3bf49c?w=800&q=80','RTX 4070 tầm trung cao, chiến tốt game 2K/4K.','VGA','GIGABYTE',NULL,'2025-12-03 04:45:27','2025-12-03 04:45:27'),('61','vga-rx-7900xtx-sapphire','VGA Sapphire Nitro+ AMD Radeon RX 7900 XTX 24GB',28990000.00,32990000.00,4.8,98,'https://images.unsplash.com/photo-1591799264318-7e6ef8ddb7ea?w=800&q=80','RX 7900 XTX flagship AMD, hiệu năng cạnh tranh RTX 4080.','VGA','Sapphire','AMD','2025-12-03 04:45:27','2025-12-03 04:45:27'),('62','vga-rtx-4060ti-asus','VGA ASUS Dual GeForce RTX 4060 Ti OC 16GB',12990000.00,14990000.00,4.6,312,'https://images.unsplash.com/photo-1587202372634-32705e3bf49c?w=800&q=80','RTX 4060 Ti 16GB, phiên bản VRAM lớn cho gaming + AI.','VGA','ASUS',NULL,'2025-12-03 04:45:27','2025-12-03 04:45:27'),('63','vga-rx-6700xt-powercolor','VGA PowerColor Red Devil AMD Radeon RX 6700 XT 12GB',8990000.00,10990000.00,4.5,234,'https://images.unsplash.com/photo-1591799264318-7e6ef8ddb7ea?w=800&q=80','RX 6700 XT giá tốt, chiến game 1440p mượt mà.','VGA','PowerColor','Giá tốt','2025-12-03 04:45:27','2025-12-03 04:45:27'),('64','vga-rtx-4070ti-evga','VGA EVGA GeForce RTX 4070 Ti FTW3 ULTRA 12GB',24990000.00,27990000.00,4.7,156,'https://images.unsplash.com/photo-1587202372634-32705e3bf49c?w=800&q=80','RTX 4070 Ti với tản nhiệt iCX3, OC cao, hiệu năng mạnh mẽ.','VGA','EVGA',NULL,'2025-12-03 04:45:27','2025-12-03 04:45:27'),('7','pc-gaming-rtx-4070','PC GVN Intel i5-14400F | RTX 4070 | 32GB RAM',32990000.00,37990000.00,4.7,156,'https://images.unsplash.com/photo-1591238372338-a663a95ab2f4?w=800&q=80','PC Gaming tầm trung với hiệu năng mạnh mẽ, phù hợp cho game thủ và streamer. Chiến mượt các tựa game ở độ phân giải 2K.','PC Gaming','GVN',NULL,'2025-12-03 04:45:07','2025-12-03 04:45:07'),('8','laptop-acer-nitro-5','Laptop Gaming Acer Nitro 5 i5-12500H RTX 4050',20990000.00,24990000.00,4.5,289,'https://images.unsplash.com/photo-1593642702821-c8da6771f0c6?w=800&q=80','Laptop gaming giá tốt với hiệu năng ổn định. Phù hợp cho game thủ mới bắt đầu hoặc sinh viên cần laptop đa năng.','Laptop Gaming','Acer',NULL,'2025-12-03 04:45:07','2025-12-03 04:45:07'),('9','pc-gaming-amd-rx-7900xtx','PC GVN AMD Ryzen 9 7950X3D | RX 7900 XTX',78990000.00,89990000.00,4.9,92,'https://images.unsplash.com/photo-1600861194802-a2b11f26e9c4?w=800&q=80','PC Gaming AMD cao cấp với công nghệ 3D V-Cache, hiệu năng gaming vượt trội.','PC Gaming','GVN','AMD Build','2025-12-03 04:45:07','2025-12-03 04:45:07');
/*!40000 ALTER TABLE `products` ENABLE KEYS */;
UNLOCK TABLES;

--
-- Table structure for table `promotion_terms`
--

DROP TABLE IF EXISTS `promotion_terms`;
/*!40101 SET @saved_cs_client     = @@character_set_client */;
/*!50503 SET character_set_client = utf8mb4 */;
CREATE TABLE `promotion_terms` (
  `id` int NOT NULL AUTO_INCREMENT,
  `promotion_id` varchar(50) COLLATE utf8mb4_unicode_ci NOT NULL,
  `term_text` text COLLATE utf8mb4_unicode_ci NOT NULL,
  `display_order` int DEFAULT '0',
  `created_at` timestamp NULL DEFAULT CURRENT_TIMESTAMP,
  PRIMARY KEY (`id`),
  KEY `idx_promotion_id` (`promotion_id`),
  CONSTRAINT `promotion_terms_ibfk_1` FOREIGN KEY (`promotion_id`) REFERENCES `promotions` (`id`) ON DELETE CASCADE
) ENGINE=InnoDB AUTO_INCREMENT=25 DEFAULT CHARSET=utf8mb4 COLLATE=utf8mb4_unicode_ci;
/*!40101 SET character_set_client = @saved_cs_client */;

--
-- Dumping data for table `promotion_terms`
--

LOCK TABLES `promotion_terms` WRITE;
/*!40000 ALTER TABLE `promotion_terms` DISABLE KEYS */;
INSERT INTO `promotion_terms` VALUES (1,'1','Áp dụng cho tất cả sản phẩm Gaming Gear',1,'2025-12-03 04:45:37'),(2,'1','Không áp dụng đồng thời với chương trình khác',2,'2025-12-03 04:45:37'),(3,'1','Số lượng có hạn, áp dụng đến hết 30/11',3,'2025-12-03 04:45:37'),(4,'1','Miễn phí vận chuyển cho đơn hàng trên 5 triệu',4,'2025-12-03 04:45:37'),(5,'2','Áp dụng khi mua PC Gaming từ 30 triệu',1,'2025-12-03 04:45:37'),(6,'2','Tặng màn hình 24 inch FHD 75Hz',2,'2025-12-03 04:45:37'),(7,'2','Hoặc giảm ngay 3 triệu nếu không nhận màn hình',3,'2025-12-03 04:45:37'),(8,'2','Bảo hành chính hãng đầy đủ',4,'2025-12-03 04:45:37'),(9,'3','Trả góp 0% lãi suất qua thẻ tín dụng',1,'2025-12-03 04:45:37'),(10,'3','Tặng voucher 500K cho đơn hàng từ 20 triệu',2,'2025-12-03 04:45:37'),(11,'3','Miễn phí giao hàng toàn quốc',3,'2025-12-03 04:45:37'),(12,'3','Tặng thêm chuột + balo laptop',4,'2025-12-03 04:45:37'),(13,'4','Mua chuột gaming tặng mousepad',1,'2025-12-03 04:45:37'),(14,'4','Mua bàn phím tặng keycap set',2,'2025-12-03 04:45:37'),(15,'4','Áp dụng cho sản phẩm có giá từ 500K',3,'2025-12-03 04:45:37'),(16,'4','Quà tặng có giá trị tương đương hoặc thấp hơn',4,'2025-12-03 04:45:37'),(17,'5','Flash sale 3 ngày duy nhất',1,'2025-12-03 04:45:37'),(18,'5','Áp dụng cho màn hình gaming từ 144Hz',2,'2025-12-03 04:45:37'),(19,'5','Giới hạn 5 sản phẩm/khách hàng',3,'2025-12-03 04:45:37'),(20,'5','Không áp dụng cho sản phẩm đã giảm giá',4,'2025-12-03 04:45:37'),(21,'6','Xuất trình thẻ sinh viên hợp lệ',1,'2025-12-03 04:45:37'),(22,'6','Áp dụng cho laptop và PC gaming',2,'2025-12-03 04:45:37'),(23,'6','Tối đa 3 triệu đồng',3,'2025-12-03 04:45:37'),(24,'6','Miễn phí vận chuyển nội thành',4,'2025-12-03 04:45:37');
/*!40000 ALTER TABLE `promotion_terms` ENABLE KEYS */;
UNLOCK TABLES;

--
-- Table structure for table `promotions`
--

DROP TABLE IF EXISTS `promotions`;
/*!40101 SET @saved_cs_client     = @@character_set_client */;
/*!50503 SET character_set_client = utf8mb4 */;
CREATE TABLE `promotions` (
  `id` varchar(50) COLLATE utf8mb4_unicode_ci NOT NULL,
  `slug` varchar(255) COLLATE utf8mb4_unicode_ci NOT NULL,
  `title` varchar(500) COLLATE utf8mb4_unicode_ci NOT NULL,
  `description` text COLLATE utf8mb4_unicode_ci,
  `image` varchar(500) COLLATE utf8mb4_unicode_ci DEFAULT NULL,
  `link` varchar(500) COLLATE utf8mb4_unicode_ci DEFAULT NULL,
  `bg_color` varchar(100) COLLATE utf8mb4_unicode_ci DEFAULT NULL,
  `start_date` date DEFAULT NULL,
  `end_date` date DEFAULT NULL,
  `discount` varchar(255) COLLATE utf8mb4_unicode_ci DEFAULT NULL,
  `featured` tinyint(1) DEFAULT '0',
  `created_at` timestamp NULL DEFAULT CURRENT_TIMESTAMP,
  `updated_at` timestamp NULL DEFAULT CURRENT_TIMESTAMP ON UPDATE CURRENT_TIMESTAMP,
  PRIMARY KEY (`id`),
  UNIQUE KEY `slug` (`slug`),
  KEY `idx_slug` (`slug`),
  KEY `idx_featured` (`featured`),
  KEY `idx_dates` (`start_date`,`end_date`)
) ENGINE=InnoDB DEFAULT CHARSET=utf8mb4 COLLATE=utf8mb4_unicode_ci;
/*!40101 SET character_set_client = @saved_cs_client */;

--
-- Dumping data for table `promotions`
--

LOCK TABLES `promotions` WRITE;
/*!40000 ALTER TABLE `promotions` DISABLE KEYS */;
INSERT INTO `promotions` VALUES ('1','black-friday','Black Friday','Giảm đến 50% toàn bộ Gaming Gear','https://images.unsplash.com/photo-1607082348824-0a96f2a4b9da?w=800&q=80','/promotion/black-friday','bg-gradient-to-r from-red-600 to-red-800','2024-11-20','2024-11-30','Giảm đến 50%',1,'2025-12-03 04:45:37','2025-12-03 04:45:37'),('2','build-pc','Build PC','Tặng màn hình khi mua PC','https://images.unsplash.com/photo-1587202372634-32705e3bf49c?w=800&q=80','/promotion/build-pc','bg-gradient-to-r from-blue-600 to-blue-800','2024-11-01','2024-12-31','Tặng màn hình 24 inch',1,'2025-12-03 04:45:37','2025-12-03 04:45:37'),('3','laptop-gaming','Laptop Gaming','Trả góp 0% - Voucher 500K','https://images.unsplash.com/photo-1603302576837-37561b2e2302?w=800&q=80','/promotion/laptop-gaming','bg-gradient-to-r from-purple-600 to-purple-800','2024-11-15','2024-12-15','Trả góp 0% + Voucher 500K',1,'2025-12-03 04:45:37','2025-12-03 04:45:37'),('4','gaming-gear','Gaming Gear','Mua 1 tặng 1 các phụ kiện','https://images.unsplash.com/photo-1538481199705-c710c4e965fc?w=800&q=80','/promotion/gaming-gear','bg-gradient-to-r from-green-600 to-green-800','2024-11-10','2024-12-10','Mua 1 tặng 1',0,'2025-12-03 04:45:37','2025-12-03 04:45:37'),('5','monitor-sale','Flash Sale Màn Hình','Giảm 30% màn hình gaming','https://images.unsplash.com/photo-1527443224154-c4a3942d3acf?w=800&q=80','/promotion/monitor-sale','bg-gradient-to-r from-orange-600 to-orange-800','2024-11-22','2024-11-25','Giảm 30%',1,'2025-12-03 04:45:37','2025-12-03 04:45:37'),('6','student-discount','Ưu đãi Sinh viên','Giảm 10% cho sinh viên','https://images.unsplash.com/photo-1588872657578-7efd1f1555ed?w=800&q=80','/promotion/student-discount','bg-gradient-to-r from-indigo-600 to-indigo-800','2024-11-01','2024-12-31','Giảm 10%',0,'2025-12-03 04:45:37','2025-12-03 04:45:37');
/*!40000 ALTER TABLE `promotions` ENABLE KEYS */;
UNLOCK TABLES;
/*!40103 SET TIME_ZONE=@OLD_TIME_ZONE */;

/*!40101 SET SQL_MODE=@OLD_SQL_MODE */;
/*!40014 SET FOREIGN_KEY_CHECKS=@OLD_FOREIGN_KEY_CHECKS */;
/*!40014 SET UNIQUE_CHECKS=@OLD_UNIQUE_CHECKS */;
/*!40101 SET CHARACTER_SET_CLIENT=@OLD_CHARACTER_SET_CLIENT */;
/*!40101 SET CHARACTER_SET_RESULTS=@OLD_CHARACTER_SET_RESULTS */;
/*!40101 SET COLLATION_CONNECTION=@OLD_COLLATION_CONNECTION */;
/*!40111 SET SQL_NOTES=@OLD_SQL_NOTES */;

-- Dump completed on 2025-12-03 21:19:15
